entry_t,exit_t,entry_px,exit_px,exit_reason,n_rolls
2016-01-07 22:00:00,2016-01-08 05:00:00,53.31,52.71,BACKSTOP,0
2016-01-08 08:00:00,2016-01-08 09:00:00,53.12,52.52,BACKSTOP,0
2016-01-14 08:00:00,2016-01-14 21:00:00,50.28,50.18,EMA21,0
2016-01-19 02:00:00,2016-01-19 09:00:00,48.96,48.36,BACKSTOP,0
2016-01-27 09:00:00,2016-01-29 06:00:00,48.59,50.81,EMA21,0
2016-02-03 10:00:00,2016-02-04 08:00:00,48.52,49.6,EMA21,0
2016-02-05 07:00:00,2016-02-05 08:00:00,49.72,49.12,BACKSTOP,0
2016-02-11 19:00:00,2016-02-12 04:00:00,44.99,44.67,EMA21,0
2016-03-02 10:00:00,2016-03-03 09:00:00,50.02,50.18,EMA21,0
2016-03-10 19:00:00,2016-03-11 15:00:00,53.94,54.28,EMA21,0
2016-04-05 16:00:00,2016-04-07 07:00:00,50.2,51.78,EMA21,0
2016-04-15 02:00:00,2016-04-15 04:00:00,55.8,55.2,BACKSTOP,0
2016-05-04 18:00:00,2016-05-05 14:00:00,57.33,57.34,EMA21,0
2016-05-13 16:00:00,2016-05-17 08:00:00,59.49,60.99,EMA21,0
2016-05-24 10:00:00,2016-05-25 11:00:00,61.15,61.49,EMA21,0
2016-06-15 14:00:00,2016-06-15 15:00:00,60.96,60.36,BACKSTOP,0
2016-06-22 00:00:00,2016-06-22 09:00:00,61.58,61.51,EMA21,0
2016-06-23 14:00:00,2016-06-23 20:00:00,61.37,60.77,BACKSTOP,0
2016-07-06 16:00:00,2016-07-07 11:00:00,58.91,58.31,BACKSTOP,0
2016-07-14 14:00:00,2016-07-14 20:00:00,57.15,56.73,EMA21,0
2016-07-15 10:00:00,2016-07-15 11:00:00,57.68,57.08,BACKSTOP,0
2016-07-20 13:00:00,2016-07-21 07:00:00,56.62,56.02,BACKSTOP,1
2016-08-16 11:00:00,2016-08-17 05:00:00,56.97,56.6,EMA21,0
2016-08-23 13:00:00,2016-08-23 16:00:00,58.38,57.78,BACKSTOP,0
2016-09-02 11:00:00,2016-09-06 04:00:00,54.64,55.16,EMA21,0
2016-09-12 13:00:00,2016-09-13 02:00:00,56.6,56.0,BACKSTOP,0
2016-09-18 21:00:00,2016-09-19 14:00:00,53.93,53.61,EMA21,0
2016-09-20 14:00:00,2016-09-22 21:00:00,53.87,55.09,EMA21,1
2016-10-13 15:00:00,2016-10-14 11:00:00,59.67,59.28,EMA21,0
2016-10-17 23:00:00,2016-10-18 10:00:00,59.36,59.23,EMA21,0
2016-10-18 16:00:00,2016-10-20 03:00:00,59.55,60.3,EMA21,0
2016-10-21 16:00:00,2016-10-23 20:00:00,59.76,59.4,EMA21,0
2016-11-08 12:00:00,2016-11-08 16:00:00,53.93,53.5,EMA21,0
2016-11-23 14:00:00,2016-11-23 21:00:00,55.78,55.6,EMA21,0
2016-12-09 09:00:00,2016-12-12 12:00:00,59.24,60.76,EMA21,0
2016-12-13 13:00:00,2016-12-13 16:00:00,60.83,60.45,EMA21,0
2016-12-16 09:00:00,2016-12-19 08:00:00,59.04,59.47,EMA21,0
2016-12-20 04:00:00,2016-12-20 23:00:00,59.7,59.76,EMA21,1
2016-12-22 13:00:00,2016-12-22 18:00:00,59.36,58.94,EMA21,0
2016-12-23 13:00:00,2016-12-28 09:00:00,59.31,60.04,EMA21,0
2016-12-29 05:00:00,2016-12-29 13:00:00,60.26,60.08,EMA21,0
2017-01-17 04:00:00,2017-01-17 12:00:00,58.96,58.94,EMA21,0
2017-01-25 21:00:00,2017-01-26 06:00:00,58.45,58.18,EMA21,0
2017-01-26 09:00:00,2017-01-27 05:00:00,58.47,58.88,EMA21,0
2017-02-01 06:00:00,2017-02-02 13:00:00,58.29,58.91,EMA21,0
2017-02-19 18:00:00,2017-02-21 20:00:00,58.76,59.3,EMA21,1
2017-02-27 02:00:00,2017-02-27 12:00:00,59.32,59.17,EMA21,0
2017-03-17 09:00:00,2017-03-17 12:00:00,54.02,53.66,EMA21,0
2017-03-24 16:00:00,2017-03-26 22:00:00,52.36,52.08,EMA21,0
2017-04-04 09:00:00,2017-04-05 12:00:00,54.89,55.52,EMA21,0
2017-04-06 06:00:00,2017-04-07 09:00:00,55.52,55.98,EMA21,0
2017-04-19 10:00:00,2017-04-19 11:00:00,56.87,56.27,BACKSTOP,0
2017-04-27 21:00:00,2017-04-28 12:00:00,53.0,52.76,EMA21,0
2017-05-08 16:00:00,2017-05-09 08:00:00,50.22,50.01,EMA21,0
2017-05-10 06:00:00,2017-05-12 05:00:00,50.14,51.46,EMA21,0
2017-05-14 21:00:00,2017-05-15 18:00:00,51.61,52.54,EMA21,0
2017-05-17 09:00:00,2017-05-18 05:00:00,52.76,52.16,BACKSTOP,0
2017-05-18 14:00:00,2017-05-23 00:00:00,53.2,54.31,EMA21,1
2017-05-24 20:00:00,2017-05-25 04:00:00,55.0,54.4,BACKSTOP,0
2017-06-09 11:00:00,2017-06-12 15:00:00,49.27,49.47,EMA21,0
2017-06-13 14:00:00,2017-06-13 19:00:00,49.81,49.4,EMA21,0
2017-06-14 10:00:00,2017-06-14 10:00:00,49.76,49.16,BACKSTOP-fillbar,0
2017-06-19 07:00:00,2017-06-19 13:00:00,48.33,47.8,EMA21,0
2017-06-30 11:00:00,2017-07-05 00:00:00,48.91,50.27,EMA21,0
2017-08-02 14:00:00,2017-08-03 04:00:00,52.63,52.2,EMA21,0
2017-08-04 14:00:00,2017-08-07 04:00:00,52.53,51.93,BACKSTOP,0
2017-08-09 06:00:00,2017-08-10 12:00:00,52.5,52.36,EMA21,0
2017-08-23 00:00:00,2017-08-23 04:00:00,50.78,50.65,EMA21,0
2017-08-27 18:00:00,2017-08-27 21:00:00,50.94,50.75,EMA21,0
2017-09-18 20:00:00,2017-09-19 11:00:00,53.02,52.77,EMA21,0
2017-09-20 05:00:00,2017-09-21 03:00:00,53.03,53.14,EMA21,1
2017-09-21 14:00:00,2017-09-22 06:00:00,53.22,53.09,EMA21,0
2017-09-27 10:00:00,2017-09-27 14:00:00,54.83,54.51,EMA21,0
2017-10-05 09:00:00,2017-10-06 05:00:00,52.8,53.18,EMA21,0
2017-10-09 21:00:00,2017-10-11 10:00:00,52.3,53.5,EMA21,0
2017-10-15 18:00:00,2017-10-16 12:00:00,54.34,54.27,EMA21,0
2017-10-17 16:00:00,2017-10-18 12:00:00,54.61,54.52,EMA21,0
2017-10-24 01:00:00,2017-10-24 05:00:00,54.12,53.87,EMA21,0
2017-10-26 09:00:00,2017-10-27 08:00:00,54.38,54.6,EMA21,0
2017-11-09 10:00:00,2017-11-09 23:00:00,59.17,59.11,EMA21,0
2017-12-18 00:00:00,2017-12-18 12:00:00,59.63,59.37,EMA21,0
2017-12-19 03:00:00,2017-12-19 11:00:00,59.42,59.3,EMA21,0
2017-12-28 14:00:00,2018-01-02 06:00:00,61.56,62.08,EMA21,0
2018-01-02 20:00:00,2018-01-03 03:00:00,62.22,62.09,EMA21,0
2018-01-22 20:00:00,2018-01-25 11:00:00,65.54,67.53,EMA21,0
2018-02-06 20:00:00,2018-02-07 03:00:00,65.68,65.45,EMA21,0
2018-02-22 08:00:00,2018-02-23 06:00:00,63.44,64.26,EMA21,0
2018-03-02 15:00:00,2018-03-05 08:00:00,63.27,63.08,EMA21,0
2018-03-09 11:00:00,2018-03-12 07:00:00,63.15,63.53,EMA21,0
2018-03-14 20:00:00,2018-03-16 00:00:00,62.82,63.01,EMA21,0
2018-03-26 21:00:00,2018-03-27 11:00:00,67.18,66.89,EMA21,0
2018-04-04 18:00:00,2018-04-05 06:00:00,65.11,64.88,EMA21,0
2018-04-12 12:00:00,2018-04-13 08:00:00,68.35,68.45,EMA21,0
2018-04-13 10:00:00,2018-04-15 20:00:00,69.04,68.65,EMA21,0
2018-04-17 20:00:00,2018-04-19 14:00:00,68.19,69.82,EMA21,0
2018-04-23 18:00:00,2018-04-24 10:00:00,70.44,70.24,EMA21,0
2018-04-30 12:00:00,2018-05-01 05:00:00,69.92,69.66,EMA21,0
2018-05-02 18:00:00,2018-05-03 10:00:00,69.22,68.96,EMA21,0
2018-05-03 13:00:00,2018-05-07 15:00:00,69.64,71.28,EMA21,0
2018-05-08 09:00:00,2018-05-08 10:00:00,71.69,71.09,BACKSTOP,0
2018-05-10 19:00:00,2018-05-10 23:00:00,73.03,72.75,EMA21,0
2018-05-15 05:00:00,2018-05-15 09:00:00,72.73,72.13,BACKSTOP,0
2018-05-16 01:00:00,2018-05-16 04:00:00,72.63,72.51,EMA21,0
2018-05-16 14:00:00,2018-05-17 13:00:00,72.68,72.68,EMA21,0
2018-05-21 13:00:00,2018-05-22 13:00:00,73.57,73.66,EMA21,0
2018-05-29 20:00:00,2018-05-29 23:00:00,68.3,67.93,EMA21,0
2018-05-30 05:00:00,2018-05-31 05:00:00,68.34,69.2,EMA21,0
2018-06-05 16:00:00,2018-06-06 06:00:00,66.85,66.7,EMA21,0
2018-06-07 09:00:00,2018-06-08 03:00:00,66.93,66.98,EMA21,0
2018-06-19 20:00:00,2018-06-21 04:00:00,66.76,66.95,EMA21,1
2018-06-21 13:00:00,2018-06-25 13:00:00,67.56,70.08,EMA21,0
2018-06-26 02:00:00,2018-06-26 06:00:00,70.18,70.0,EMA21,0
2018-06-26 11:00:00,2018-07-01 20:00:00,70.66,75.26,EMA21,0
2018-07-02 06:00:00,2018-07-03 10:00:00,75.78,75.18,BACKSTOP,0
2018-07-05 07:00:00,2018-07-05 09:00:00,76.37,75.77,BACKSTOP,0
2018-07-06 14:00:00,2018-07-09 05:00:00,75.6,75.29,EMA21,0
2018-07-09 15:00:00,2018-07-10 12:00:00,75.85,75.54,EMA21,0
2018-07-20 14:00:00,2018-07-23 12:00:00,72.33,71.73,BACKSTOP,1
2018-07-24 06:00:00,2018-07-24 09:00:00,72.13,71.53,BACKSTOP,0
2018-07-30 06:00:00,2018-07-31 01:00:00,73.35,73.6,EMA21,0
2018-08-05 21:00:00,2018-08-06 16:00:00,72.58,72.64,EMA21,0
2018-08-07 01:00:00,2018-08-07 13:00:00,72.94,73.0,EMA21,0
2018-08-10 09:00:00,2018-08-13 04:00:00,71.16,71.17,EMA21,0
2018-08-27 11:00:00,2018-08-28 04:00:00,73.96,73.81,EMA21,0
2018-09-03 12:00:00,2018-09-04 12:00:00,75.19,75.15,EMA21,0
2018-09-16 23:00:00,2018-09-17 12:00:00,74.01,73.85,EMA21,0
2018-09-21 07:00:00,2018-09-21 11:00:00,76.45,75.85,BACKSTOP,0
2018-09-26 03:00:00,2018-09-26 07:00:00,77.88,77.66,EMA21,0
2018-09-28 10:00:00,2018-10-02 11:00:00,78.03,80.6,EMA21,0
2018-10-15 19:00:00,2018-10-16 03:00:00,77.49,76.89,BACKSTOP,0
2018-10-16 12:00:00,2018-10-17 07:00:00,77.51,77.08,EMA21,0
2018-11-18 20:00:00,2018-11-19 01:00:00,62.58,62.49,EMA21,0
2018-11-27 09:00:00,2018-11-27 12:00:00,57.03,56.43,BACKSTOP,0
2018-11-27 16:00:00,2018-11-28 05:00:00,57.38,56.78,BACKSTOP,0
2018-12-02 19:00:00,2018-12-03 11:00:00,57.87,57.94,EMA21,0
2018-12-05 08:00:00,2018-12-05 14:00:00,58.67,58.07,BACKSTOP,0
2018-12-07 10:00:00,2018-12-07 11:00:00,59.5,58.9,BACKSTOP,0
2018-12-13 14:00:00,2018-12-14 10:00:00,57.45,57.48,EMA21,0
2018-12-27 19:00:00,2018-12-28 07:00:00,51.52,50.92,BACKSTOP,0
2018-12-30 21:00:00,2018-12-31 10:00:00,51.53,50.93,BACKSTOP,0
2019-01-01 18:00:00,2019-01-01 21:00:00,51.88,51.28,BACKSTOP,0
2019-01-03 05:00:00,2019-01-07 15:00:00,52.19,54.58,EMA21,0
2019-01-08 08:00:00,2019-01-10 09:00:00,55.22,57.58,EMA21,0
2019-01-15 08:00:00,2019-01-16 08:00:00,57.21,57.62,EMA21,0
2019-01-24 13:00:00,2019-01-25 07:00:00,59.19,59.02,EMA21,0
2019-02-04 23:00:00,2019-02-05 02:00:00,60.73,60.59,EMA21,0
2019-02-06 13:00:00,2019-02-07 02:00:00,59.98,59.62,EMA21,0
2019-02-11 19:00:00,2019-02-13 08:00:00,58.37,59.35,EMA21,0
2019-02-14 12:00:00,2019-02-15 04:00:00,60.2,60.27,EMA21,0
2019-02-19 14:00:00,2019-02-20 06:00:00,61.92,61.71,EMA21,0
2019-02-22 05:00:00,2019-02-22 16:00:00,62.71,62.68,EMA21,0
2019-02-25 06:00:00,2019-02-25 07:00:00,62.97,62.37,BACKSTOP,0
2019-02-28 12:00:00,2019-03-01 09:00:00,62.76,62.51,EMA21,0
2019-03-05 03:00:00,2019-03-05 19:00:00,61.95,61.66,EMA21,0
2019-03-27 09:00:00,2019-03-27 11:00:00,65.5,64.9,BACKSTOP,0
2019-04-04 13:00:00,2019-04-04 14:00:00,68.13,67.53,BACKSTOP,0
2019-04-05 11:00:00,2019-04-09 09:00:00,68.12,69.7,EMA21,0
2019-04-10 03:00:00,2019-04-10 21:00:00,69.75,69.82,EMA21,0
2019-04-16 12:00:00,2019-04-17 10:00:00,69.15,69.56,EMA21,0
2019-04-18 16:00:00,2019-04-23 08:00:00,69.51,71.03,EMA21,1
2019-05-06 11:00:00,2019-05-07 06:00:00,67.32,67.21,EMA21,0
2019-05-08 13:00:00,2019-05-08 20:00:00,67.51,66.91,BACKSTOP,0
2019-05-09 06:00:00,2019-05-09 09:00:00,67.41,66.81,BACKSTOP,0
2019-05-15 14:00:00,2019-05-17 02:00:00,67.62,68.3,EMA21,0
2019-05-19 20:00:00,2019-05-20 04:00:00,68.9,68.3,BACKSTOP,0
2019-05-20 21:00:00,2019-05-21 11:00:00,68.69,68.45,EMA21,0
2019-06-11 08:00:00,2019-06-11 10:00:00,59.63,59.03,BACKSTOP,0
2019-06-14 01:00:00,2019-06-14 03:00:00,58.36,57.76,BACKSTOP,0
2019-06-14 09:00:00,2019-06-17 04:00:00,58.3,58.03,EMA21,0
2019-06-24 15:00:00,2019-06-24 22:00:00,63.26,62.66,BACKSTOP,0
2019-06-25 04:00:00,2019-06-26 19:00:00,63.16,64.21,EMA21,0
2019-06-27 12:00:00,2019-06-28 00:00:00,64.78,64.45,EMA21,0
2019-06-28 05:00:00,2019-06-28 11:00:00,64.58,64.3,EMA21,0
2019-06-30 23:00:00,2019-07-01 10:00:00,65.02,64.42,BACKSTOP,0
2019-07-09 08:00:00,2019-07-09 09:00:00,63.36,62.76,BACKSTOP,0
2019-07-15 09:00:00,2019-07-15 11:00:00,65.79,65.19,BACKSTOP,0
2019-07-29 09:00:00,2019-07-31 15:00:00,61.48,63.25,EMA21,0
2019-08-02 14:00:00,2019-08-02 15:00:00,60.99,60.39,BACKSTOP,0
2019-08-09 04:00:00,2019-08-12 05:00:00,57.86,58.85,EMA21,0
2019-08-15 22:00:00,2019-08-16 09:00:00,60.2,59.91,EMA21,0
2019-08-18 21:00:00,2019-08-20 08:00:00,60.48,61.16,EMA21,0
2019-08-26 07:00:00,2019-08-26 11:00:00,59.82,59.22,BACKSTOP,0
2019-08-27 08:00:00,2019-08-27 11:00:00,59.54,58.94,BACKSTOP,0
2019-08-27 14:00:00,2019-08-28 22:00:00,59.83,60.69,EMA21,0
2019-09-11 04:00:00,2019-09-11 09:00:00,63.16,62.96,EMA21,0
2019-09-15 20:00:00,2019-09-15 20:00:00,66.56,65.96,BACKSTOP-fillbar,0
2019-09-20 09:00:00,2019-09-20 14:00:00,63.82,63.22,BACKSTOP,0
2019-10-08 01:00:00,2019-10-08 04:00:00,57.56,57.27,EMA21,0
2019-10-15 13:00:00,2019-10-15 14:00:00,57.97,57.37,BACKSTOP,0
2019-10-17 11:00:00,2019-10-18 13:00:00,57.7,57.88,EMA21,0
2019-10-22 08:00:00,2019-10-23 07:00:00,58.06,58.41,EMA21,1
2019-10-24 10:00:00,2019-10-24 22:00:00,60.88,60.42,EMA21,0
2019-11-07 06:00:00,2019-11-07 16:00:00,61.67,61.43,EMA21,0
2019-11-08 14:00:00,2019-11-10 22:00:00,61.78,61.37,EMA21,0
2019-11-11 13:00:00,2019-11-11 18:00:00,61.71,61.11,BACKSTOP,0
2019-11-12 01:00:00,2019-11-12 13:00:00,61.69,61.42,EMA21,0
2019-11-25 20:00:00,2019-11-27 12:00:00,62.7,62.44,EMA21,0
2019-12-03 14:00:00,2019-12-05 18:00:00,61.04,62.97,EMA21,0
2019-12-06 03:00:00,2019-12-06 07:00:00,63.08,62.79,EMA21,0
2019-12-09 11:00:00,2019-12-09 20:00:00,63.82,63.52,EMA21,0
2019-12-10 10:00:00,2019-12-10 21:00:00,63.72,63.58,EMA21,0
2019-12-18 12:00:00,2019-12-20 06:00:00,65.72,65.77,EMA21,1
2019-12-23 13:00:00,2019-12-27 10:00:00,65.45,66.11,EMA21,0
2020-01-02 23:00:00,2020-01-03 11:00:00,67.88,67.28,BACKSTOP,0
2020-01-16 10:00:00,2020-01-17 13:00:00,63.18,63.34,EMA21,0
2020-02-05 06:00:00,2020-02-06 06:00:00,55.72,55.82,EMA21,0
2020-02-11 00:00:00,2020-02-11 14:00:00,54.99,54.68,EMA21,0
2020-02-11 20:00:00,2020-02-13 03:00:00,55.12,55.78,EMA21,0
2020-02-13 12:00:00,2020-02-17 19:00:00,56.35,56.75,EMA21,0
2020-02-21 16:00:00,2020-02-23 18:00:00,58.36,57.49,BACKSTOP,0
2020-03-04 07:00:00,2020-03-04 11:00:00,53.09,52.49,BACKSTOP,0
2020-03-24 18:00:00,2020-03-25 06:00:00,27.98,27.38,BACKSTOP,0
2020-04-08 18:00:00,2020-04-08 22:00:00,29.64,29.04,BACKSTOP,0
2020-04-21 13:00:00,2020-04-21 13:00:00,9.33,8.73,BACKSTOP-fillbar,0
2020-05-06 18:00:00,2020-05-06 18:00:00,22.88,22.28,BACKSTOP-fillbar,0
2020-05-07 00:00:00,2020-05-07 02:00:00,22.63,22.03,BACKSTOP,0
2020-05-07 05:00:00,2020-05-07 14:00:00,22.77,22.17,BACKSTOP,0
2020-05-13 18:00:00,2020-05-13 21:00:00,24.25,23.92,EMA21,0
2020-05-14 02:00:00,2020-05-19 00:00:00,24.16,31.05,EMA21,0
2020-05-19 21:00:00,2020-05-20 04:00:00,31.03,30.71,EMA21,0
2020-05-20 07:00:00,2020-05-21 12:00:00,31.6,32.85,EMA21,0
2020-05-27 06:00:00,2020-05-27 08:00:00,33.31,32.87,EMA21,0
2020-05-29 13:00:00,2020-06-01 10:00:00,32.65,33.89,EMA21,0
2020-06-18 06:00:00,2020-06-18 09:00:00,37.46,36.86,BACKSTOP,0
2020-06-25 15:00:00,2020-06-26 08:00:00,37.8,37.2,BACKSTOP,0
2020-07-03 12:00:00,2020-07-06 22:00:00,39.19,39.28,EMA21,0
2020-07-08 04:00:00,2020-07-09 04:00:00,39.53,39.53,EMA21,0
2020-07-10 13:00:00,2020-07-13 04:00:00,39.19,38.59,BACKSTOP,0
2020-07-13 09:00:00,2020-07-13 15:00:00,39.18,38.58,BACKSTOP,0
2020-07-27 14:00:00,2020-07-28 07:00:00,40.83,40.6,EMA21,0
2020-08-04 13:00:00,2020-08-05 15:00:00,40.83,41.45,EMA21,0
2020-08-06 12:00:00,2020-08-06 13:00:00,41.67,41.07,BACKSTOP,0
2020-08-12 08:00:00,2020-08-13 11:00:00,41.46,41.52,EMA21,0
2020-08-16 22:00:00,2020-08-17 05:00:00,41.48,41.17,EMA21,0
2020-08-17 13:00:00,2020-08-18 10:00:00,41.71,41.61,EMA21,0
2020-08-19 14:00:00,2020-08-19 22:00:00,42.14,41.66,EMA21,0
2020-08-21 00:00:00,2020-08-21 05:00:00,41.86,41.49,EMA21,0
2020-08-24 03:00:00,2020-08-24 13:00:00,41.38,41.3,EMA21,0
2020-08-28 09:00:00,2020-08-28 12:00:00,42.07,41.91,EMA21,0
2020-08-30 20:00:00,2020-08-31 11:00:00,42.02,42.11,EMA21,0
2020-09-09 08:00:00,2020-09-09 10:00:00,36.53,35.93,BACKSTOP,0
2020-09-11 15:00:00,2020-09-14 04:00:00,36.47,36.24,EMA21,0
2020-09-25 14:00:00,2020-09-25 16:00:00,39.23,39.01,EMA21,0
2020-09-28 08:00:00,2020-09-28 23:00:00,39.47,39.31,EMA21,0
2020-09-29 06:00:00,2020-09-29 08:00:00,39.38,39.27,EMA21,0
2020-10-05 01:00:00,2020-10-06 19:00:00,37.0,38.66,EMA21,0
2020-10-13 07:00:00,2020-10-14 01:00:00,39.24,39.02,EMA21,0
2020-10-19 03:00:00,2020-10-19 05:00:00,40.07,39.73,EMA21,0
2020-10-19 08:00:00,2020-10-19 16:00:00,39.89,39.54,EMA21,0
2020-11-05 10:00:00,2020-11-05 11:00:00,38.41,37.81,BACKSTOP,0
2020-11-18 00:00:00,2020-11-18 18:00:00,40.49,40.68,EMA21,0
2020-11-20 13:00:00,2020-11-26 03:00:00,41.17,44.22,EMA21,1
2020-11-30 15:00:00,2020-11-30 20:00:00,44.32,43.72,BACKSTOP,0
2020-12-03 11:00:00,2020-12-04 10:00:00,44.39,44.73,EMA21,0
2020-12-09 20:00:00,2020-12-10 02:00:00,44.6,44.35,EMA21,0
2020-12-10 04:00:00,2020-12-11 05:00:00,44.71,45.38,EMA21,0
2020-12-14 01:00:00,2020-12-14 10:00:00,45.7,45.1,BACKSTOP,0
2020-12-14 16:00:00,2020-12-14 23:00:00,45.82,45.57,EMA21,0
2020-12-23 07:00:00,2020-12-24 05:00:00,46.13,46.83,EMA21,0
2020-12-29 19:00:00,2020-12-30 12:00:00,47.1,46.86,EMA21,0
2020-12-30 18:00:00,2020-12-31 06:00:00,47.28,47.05,EMA21,0
2021-01-03 18:00:00,2021-01-04 10:00:00,47.4,47.57,EMA21,0
2021-01-25 13:00:00,2021-01-26 00:00:00,51.61,51.54,EMA21,0
2021-01-26 04:00:00,2021-01-26 12:00:00,51.98,51.58,EMA21,0
2021-02-01 02:00:00,2021-02-04 10:00:00,51.65,55.01,EMA21,0
2021-02-09 14:00:00,2021-02-10 02:00:00,57.55,57.29,EMA21,0
2021-02-16 18:00:00,2021-02-16 20:00:00,59.36,58.76,BACKSTOP,0
2021-02-17 02:00:00,2021-02-17 09:00:00,59.37,58.77,BACKSTOP,0
2021-02-22 08:00:00,2021-02-23 10:00:00,59.25,60.28,EMA21,1
2021-03-14 19:00:00,2021-03-15 07:00:00,65.02,64.86,EMA21,0
2021-03-24 09:00:00,2021-03-25 03:00:00,58.94,59.36,EMA21,0
2021-03-29 05:00:00,2021-03-29 11:00:00,60.01,59.77,EMA21,0
2021-03-31 11:00:00,2021-03-31 13:00:00,60.53,59.93,BACKSTOP,0
2021-04-01 06:00:00,2021-04-01 07:00:00,59.92,59.32,BACKSTOP,0
2021-04-01 13:00:00,2021-04-05 04:00:00,60.04,60.14,EMA21,0
2021-04-07 03:00:00,2021-04-07 04:00:00,59.07,58.47,BACKSTOP,0
2021-04-07 19:00:00,2021-04-07 22:00:00,59.03,58.79,EMA21,0
2021-04-08 08:00:00,2021-04-08 09:00:00,59.06,58.46,BACKSTOP,0
2021-04-08 10:00:00,2021-04-09 03:00:00,58.93,58.91,EMA21,0
2021-04-22 11:00:00,2021-04-23 09:00:00,61.16,60.84,EMA21,0
2021-04-27 14:00:00,2021-04-29 23:00:00,62.35,64.12,EMA21,0
2021-05-09 20:00:00,2021-05-10 09:00:00,65.12,64.52,BACKSTOP,0
2021-05-11 13:00:00,2021-05-12 19:00:00,64.7,65.14,EMA21,0
2021-05-26 14:00:00,2021-05-26 22:00:00,65.44,65.14,EMA21,0
2021-05-27 13:00:00,2021-05-28 12:00:00,65.83,66.07,EMA21,0
2021-06-04 02:00:00,2021-06-07 02:00:00,68.16,68.22,EMA21,0
2021-06-07 07:00:00,2021-06-07 11:00:00,68.59,68.34,EMA21,0
2021-06-08 13:00:00,2021-06-09 11:00:00,69.0,69.11,EMA21,0
2021-06-10 08:00:00,2021-06-10 12:00:00,69.34,68.74,BACKSTOP,0
2021-06-11 01:00:00,2021-06-14 14:00:00,69.29,69.99,EMA21,0
2021-06-15 03:00:00,2021-06-15 05:00:00,70.41,70.21,EMA21,0
2021-06-15 09:00:00,2021-06-16 10:00:00,71.12,71.45,EMA21,0
2021-06-24 16:00:00,2021-06-25 05:00:00,72.58,72.55,EMA21,0
2021-06-25 09:00:00,2021-06-25 10:00:00,72.81,72.21,BACKSTOP,0
2021-07-01 03:00:00,2021-07-02 08:00:00,73.27,74.06,EMA21,0
2021-07-08 14:00:00,2021-07-12 03:00:00,72.11,73.5,EMA21,0
2021-07-12 19:00:00,2021-07-13 09:00:00,73.48,73.0,EMA21,0
2021-07-21 06:00:00,2021-07-23 10:00:00,67.84,71.13,EMA21,0
2021-07-26 10:00:00,2021-07-26 12:00:00,71.8,71.32,EMA21,0
2021-07-26 13:00:00,2021-07-27 04:00:00,71.45,71.51,EMA21,0
2021-08-13 09:00:00,2021-08-13 12:00:00,68.71,68.11,BACKSTOP,0
2021-08-25 14:00:00,2021-08-25 21:00:00,68.14,67.54,BACKSTOP,0
2021-08-26 19:00:00,2021-08-26 21:00:00,67.65,67.35,EMA21,0
2021-08-30 11:00:00,2021-08-30 23:00:00,68.59,68.54,EMA21,0
2021-09-01 01:00:00,2021-09-01 06:00:00,68.75,68.51,EMA21,0
2021-09-06 23:00:00,2021-09-07 06:00:00,68.93,68.33,BACKSTOP,0
2021-09-10 06:00:00,2021-09-14 11:00:00,69.0,70.34,EMA21,0
2021-10-12 06:00:00,2021-10-12 08:00:00,80.26,79.66,BACKSTOP,0
2021-10-13 14:00:00,2021-10-14 12:00:00,80.01,80.26,EMA21,0
2021-10-20 14:00:00,2021-10-21 05:00:00,83.03,82.43,BACKSTOP,1
2021-10-29 12:00:00,2021-11-01 04:00:00,82.86,82.66,EMA21,0
2021-11-05 13:00:00,2021-11-08 10:00:00,81.32,81.56,EMA21,0
2021-11-22 14:00:00,2021-11-22 20:00:00,77.18,76.58,BACKSTOP,0
2021-12-02 15:00:00,2021-12-02 20:00:00,67.65,67.05,BACKSTOP,0
2021-12-06 00:00:00,2021-12-08 02:00:00,68.23,71.92,EMA21,0
2021-12-15 14:00:00,2021-12-16 23:00:00,71.07,72.04,EMA21,0
2021-12-31 01:00:00,2021-12-31 05:00:00,76.92,76.52,EMA21,0
