pos,videoId,duration,seconds,title
1,IDFh3w1Jwo0,SHORT (0:46),46,PULLBACK OR SELLOFF?
2,VZjai9BpRWU,10:58,658,"Malaysian Stock Goes Up 1,500% in 15-Minutes"
3,tWvsiIasQIA,SHORT (0:40),40,Trading Trends in Hot vs Cold Market
4,x1RLtnF2To4,12:42,762,This Stock Just Went Up Over 130%...
5,yCNiMlzTKEM,SHORT (0:57),57,My Favorite Day Trading Setup
6,wB6ObQt__uI,25:18,1518,3 Stocks I'm Watching for Tuesday! (Labor Day Sales ENDING SOON)
7,moLwR9ZuuLs,SHORT (0:38),38,How Studying Your Metrics can Help Your Trading
8,m9ruRNDTMw8,SHORT (0:35),35,How Short Sellers are Affecting the Market
9,sp533QHi-58,19:31,1171,It's Happening Again...
10,tjatdrOZsFY,SHORT (0:28),28,The Two Hardest Parts of Day Trading
11,dun36aWBpxg,10:06,606,Max Loss Red Day...
12,nB5g2GFvBxU,11:40,700,"Define a ""Successful"" Red Day…"
13,c7m7YyaQglM,SHORT (0:33),33,The Importance of Trading Quality Setups
14,Wd_iUsteoaw,29:56,1796,Here's what's REALLY Happening...
15,6XWWdmOkOPs,12:12,732,It Only Takes 1 Good Trade...
16,76gAPVfe-Uo,17:30,1050,My Top 2 Stocks On Watch For Monday (Day Trading Watch List)
17,Ayq-2SCVhxg,SHORT (0:47),47,Graduating From the Simulator Day Trading
18,os13N4sKD2E,SHORT (0:54),54,"$47,000+ Profit Mobile Day Trading"
19,bd16G3KZJ7s,10:46,646,Biotech Stock Squeezes Up 300% On Breaking News (Biotech Sector ETF is +37% Year…
20,BkKjix1JXTE,SHORT (0:45),45,How to Setup Hotkeys on Webull
21,M2x5LGI3LIY,7:21,441,Breaking News Sends Chinese Stock Up 225% in 15-minutes
22,HA38fn9Ds7A,SHORT (0:22),22,Day Trading Basics: Level 2 Data
23,hs87P5GNEac,10:46,646,This Momentum is UNREAL
24,QI69bZgYqi0,SHORT (0:36),36,Phantom Shares: How They Affect Day Trading
25,50jWVs1bM3Y,11:42,702,Oil and Gas Sector Stock Makes a 150% Move on Breaking News
26,IFELeJBPFiQ,SHORT (1:01),61,Breaking News Naked Short Selling Scheme
27,U3TQJxaDZus,1:29:33,5373,Forcing a Crash: Inside a Wall Street Scheme (Court Documents Revealed)
28,1-Q8V3QXn3Q,SHORT (0:38),38,How I Decide What Stocks to Trade
29,6N5OdC3zl0c,7:50,470,Biotech Stock Up 114% 🤩
30,1YwQit_4Jqo,SHORT (1:12),72,The Importance of Studying Trades
31,EvaLoKjzKqY,15:40,940,"+$19,323...My Account is up 31% in 2 Trades TODAY..."
32,fWHB9TOuN1A,SHORT (0:39),39,How FOMO Can Affect Day Trading
33,Q6oWxbuvoqA,28:19,1699,BIGGEST RED DAY...
34,8UpOhq5ylzg,SHORT (0:27),27,Recovering From a Big Red Day
35,qNTugIPRrP8,13:28,808,Five Stocks Are Up More Than 100% Today...
36,MVMkhgdf2ng,SHORT (0:48),48,Don't Lose Your Gains! (Day Trading)
37,OzLePbEE5nE,13:19,799,I Was Red -$12k Before My Big Winner...
38,7D3k0Ui_cPY,15:22,922,Day Trading A Stock Up 260% in 1 Day...
39,yHrlQ5_Sc6c,14:02,842,4 Stocks On Watch for Monday Morning!
40,qFg-AFtL71o,SHORT (0:29),29,Stop Trading Like a Rookie!
41,kIZS4bU2Jpo,22:29,1349,MAX LOSS RED DAY (mistakes were made)
42,2BMJ5DjTeUo,10:43,643,Red Day Recap
43,b6mfzHTVrVg,SHORT (0:45),45,Penny Stock Makes Unbelievable Move..
44,Rd8nj1NCBS4,9:26,566,"Penny Stock Goes Up 1,753% in 10 Minutes"
45,7-TYr6dKeiM,SHORT (0:58),58,False Breakout vs Round Trip
46,9x5ww56Ls7U,20:12,1212,Penny Stocks Are Back...
47,QwW9drjeuiM,SHORT (1:02),62,Identifying a Bull Flag Pattern (Day Trading)
48,FOPRLEllotk,14:06,846,Can You Guess Today's Theme?
49,5x9xdpFBfNo,23:24,1404,I didn't see this coming...
50,mCfoMFY9vJE,11:41,701,+986% Short Squeeze for Day 32!
51,l7Z5aqS4zpk,19:26,1166,There's ONE Stock On Watch for Monday
52,i7P54Lt0muc,SHORT (0:47),47,How to Find Stocks With The Most Potential
53,cZcprj_8wEM,31:05,1865,BIGGEST RED DAY OF 2026
54,hZg1xlktd3w,SHORT (0:24),24,Day Trading Basics: Choosing Stocks
55,coqONALABpo,9:10,550,The Most Obvious Stock Today...
56,ofCxvrijsss,16:58,1018,Shorts Keep Getting Squeezed!
57,E_3imCiGvO8,SHORT (0:50),50,Find Your Max Loss Before Entering a Trade
58,sZISHHhAxmU,SHORT (0:31),31,Day Trading Pop Quiz!
59,xGIa8Vg0PWM,59:09,3549,"Growing a $2k Account to $65,662.04 in 30 Days (My Day Trading Strategy)"
60,jGOaSNS9HDw,SHORT (0:40),40,Day Trading Basics: Hanging Man Candle
61,kew1-rBx4kk,12:57,777,Shorts Got Squeezed AGAIN! This Time It Was Another +500%
62,RxWDgPp8qeE,SHORT (0:40),40,"Raising Over $400,000 For Charity"
63,bcn3-gerSsQ,15:17,917,We just had a 500% Short Squeeze on MONDAY MORNING!
64,50iICFBL5kA,23:12,1392,These Are The TWO Stocks I'm Watching for Monday...
65,k-wDhfu2juk,SHORT (0:37),37,The Importance of Technical Analysis
66,k-EEC9ZRQ8A,SHORT (0:49),49,"+$62,000 In One Day Day Trading"
67,ns2SKNDnbZI,8:49,529,I didn't see this coming...
68,LN-eW6OPddw,10:16,616,Biggest Green Day of JULY!!
69,AyEbGw3oDzk,SHORT (0:44),44,How Traders Predict The Market
70,Ctp_STuX_l4,11:39,699,US Healthcare Stock Up 220% in 24hrs...
71,00ar6gbIpUc,SHORT (0:40),40,Avoid Turning Winners to Losers (Day Trading)
72,SuY-q_OWMHw,17:44,1064,Taiwan Stock with Breaking News Goes up 177%
73,1ml6zHikpsE,10:45,645,Max Loss Red Day...
74,y5qu-wI_5Oo,SHORT (0:46),46,Day Trading Basics: Doji Candlestick
75,Zj0DYfQilso,14:03,843,Biggest Red Day...
76,Ht5j4VMdRMo,8:56,536,Trading Tesla and Walmart Breaking News Headlines...
77,blsr5RYzzww,SHORT (0:48),48,Chinese Stocks: Hype or Worth It?
78,83Yuliq1vHA,8:54,534,Record Breaking Green Day!
79,xtslg3eW2tU,19:03,1143,These Are The TWO Stocks I'm Watching for Monday...
80,3HTbebyxxv4,SHORT (0:33),33,Choosing the RIGHT Stocks to Trade
81,p73Vmwgg64c,10:15,615,THIS is why today was choppy...
82,BJ7OlfqwuoE,SHORT (1:00),60,Market Sentiment For Friday
83,b-iczURZwJY,7:57,477,One Winner and One Loser...
84,CA8i4Rc2bUY,8:38,518,I Took A Ride On The Rollercoaster...
85,dLfYf6N2zQ8,SHORT (0:47),47,Advantages of Dip Trading (Day Trading)
86,Ts7C0flv-1g,8:12,492,Another Chinese No News Short Squeeze!
87,YkEOx0ZWlWc,15:51,951,I Just Made $40k in 10-minutes of Day Trading...
88,6YaHgTwZCeM,SHORT (0:36),36,Warrior Trading 2 Week Trial
89,-QZ8buLplck,11:45,705,Biotech Up 300% on Breaking News
90,q-ywzhtkeY8,20:56,1256,"We just have TWO stocks go up over 1,000% 🤯"
91,4z6YBpBjU48,SHORT (0:45),45,Day Trading Quiz: Dip or Dump?
92,mDQEtmG0PCw,8:01,481,Scaling into the Squeeze!
93,sa_B8TtZqxw,SHORT (0:55),55,"+$26,000 Green Day Day Trading"
94,x0qg5eGF7zc,7:08,428,There was ONLY One Obvious Stock Today
95,otCqRWCJ2uA,17:25,1045,Day Trading Watch List for MONDAY!
96,PYSRaEXPgyA,SHORT (0:21),21,The 3 Strikes Rule for Max Loss (Day Trading)
97,PMNTB2WAiww,10:33,633,Reading Market Sentiment...
98,3KcPL5KWTvw,SHORT (0:17),17,The Harsh Truth About Day Trading
99,lxsobJLmO-o,SHORT (0:57),57,What Happens When a Stock Halts
100,2UpK6vs0MVQ,6:46,406,Tiny Green Day
101,TzpOIMOrU7I,7:01,421,Biotech Stock Squeezes 372% in 5 Minutes
102,8IYunlNOVmM,11:39,699,Biggest Green Day of the Challenge!
103,ut9nmRP3ENY,9:12,552,A Reverse Merger Catalyst Sends Stock Squeezing Shorts
104,iVmW4nRiS9w,SHORT (0:48),48,Day Trading Superstition
105,ChLgwLS9eJY,8:52,532,A 350% Short Squeeze!
106,RZbM0qXOFbc,13:48,828,Biggest Loss of The Month...
107,Fbfkxt-cjrA,SHORT (0:59),59,Trader Rallies from -$26k to +$8k
108,S2sOq-stPgA,10:09,609,Big Winner THEN An Even Bigger Loser!!
109,MjrwaD9WeCg,12:55,775,Day Trading Watch List for MONDAY
110,lnBUV_dudiI,SHORT (1:08),68,How Slippage Affects Day Trading
111,ck4jcUCq-wk,SHORT (0:39),39,Breaking Down My Trades
112,uTyfk4UvsUw,13:15,795,ANOTHER 250% Short Squeeze
113,49ykxodJcFc,6:46,406,250% Short Squeeze on Breaking News!
114,eFau-kkYvh8,SHORT (0:19),19,"+$19,000 In One Trade.."
115,miyJZq-5uIg,7:20,440,"My Account Is Up Over 1,000% in 17 Days..."
116,TtsxRiJxctA,SHORT (0:50),50,The Biggest Advantage of Trading Premarket
117,0smkAvTc4AY,8:38,518,I Choose NOT To Trade These Stocks...
118,Dpba4GF0KhY,11:14,674,Is Being Red a State of Mind?
119,qJ-vLpok1cs,SHORT (0:30),30,Day Trading Pop Quiz!
120,550XNdh4y5k,10:50,650,It's All About Your Profit/Loss Ratio!!
121,ZD1ABaLocRk,SHORT (0:51),51,Breaking Down My Trade
122,4T2x29K1TDk,9:49,589,346% Short Squeeze on Chinese Stock with No News!
123,I0aTxFJWAD0,11:30,690,Day Trading Watch List for MONDAY
124,tfqh6cNt22E,SHORT (0:49),49,Why I Day Trade Premarket
125,BZwJFPk3cBM,17:50,1070,The REAL Reason Pre-Market Trading Is Better…
126,zxzE4I3Iig8,9:05,545,I ALMOST Had The Biggest Green Day So Far...
127,MV04y9SnEnU,SHORT (0:47),47,"Making +$8,900 in a Day Day Trading"
128,3dXvK41dpd4,5:54,354,One Last Trade Before The Long Weekend...
129,iZ-mXl0ga3U,6:22,382,"Base Hit Day Trading for +$7,209.08 in 3hrs"
130,tOE71NvdFOU,SHORT (0:58),58,"+$7,000 on Volatile Stock"
131,HTgOZI8GOV0,10:42,642,Narrowly Avoided a Big Loss!
132,PnuyhYGHuUY,16:52,1012,"+$72,872.42 on 3 Explosive Stocks"
133,6-iHcIt2hDo,SHORT (0:56),56,Emotions of Day Trading
134,b1pOO_bkbdA,11:08,668,Breaking News Sends A Stock Up 222% in 15min
135,rhOjs_8rh6w,9:40,580,"Up $28,107.72 in 45min of Trading"
136,tQ7cYcI2tNk,11:48,708,+500% Short Squeeze on Biotech Acquisition News
137,S6AyP-2ziFc,19:36,1176,Day Trading Watch List for MONDAY!
138,Vli3bhyT7BU,SHORT (0:23),23,Test Your Knowledge: Day Trading
139,hUb-n3kzqjI,17:18,1038,HUGE LOSS
140,RFjL4slhVAg,SHORT (0:21),21,Day Trading: Mindset is Everything
141,P5qdiBNct1c,8:03,483,"Day 11 of Growing a $2,000 Account with Charles Schwab"
142,kOVUdIHLxPg,SHORT (0:48),48,Day Trader's Computer Freezes Mid Trade
143,A7Gnw1CMExI,10:48,648,This Stock Went Up 589% Today on SpaceX News!
144,P5Sn_mWJdy0,14:13,853,Day Trading the Break of VWAP Setup
145,tfTdAbm9oTI,9:05,545,A Surprise 400% Short Squeeze
146,t3vEz58DShU,SHORT (1:00),60,Breaking Down My Trades
147,D8Guwf84eAA,14:32,872,"The ""Blue Sky"" Day Trading Pattern"
148,KbyKUrnf1GU,SHORT (0:36),36,Progressing as a Day Trader
149,8KQmIREGX6E,18:17,1097,MAX LOSS RED DAY
150,10ogBWqgprI,8:29,509,Account Is Up +330% in 8 Days...
151,wxcUcYbUtDw,16:22,982,The MOST OBVIOUS Stock Today...
152,W6AErTREKHw,15:06,906,Short Sellers Didn't See This Coming...
153,oRX-scXUU0U,16:23,983,Day Trading Watch List for MONDAY!
154,L1mi5ENCn98,16:57,1017,+100% Move then 3 Halts Down on Bad News! (Reminder: Market Closed Tomorrow)
155,Zf2p9c1qHjg,12:18,738,RED DAY on Day 6 of my Small Account Challenge
156,9aVNE3mJJBk,14:03,843,We Just Had a 400% Short Squeeze
157,ZVM1OzsCRcc,10:20,620,RED DAY RECAP
158,QShhOUa3-cE,SHORT (0:52),52,"+$2,300 Under New PDT Rule"
159,c814DtTOGDg,12:15,735,I Grew My Account +50% in 10 Minutes
160,N4755FWKNhM,SHORT (1:04),64,"Breaking Down +$44,000 Trading Day"
161,KlIE5mjS2dM,13:39,819,"+$44,729.39 in 3hrs of Day Trading Breaking News"
162,Z5uEU-iFqsg,SHORT (0:23),23,"+$49,000 Day Trading SpaceX IPO"
163,2hVojBIp5Zc,18:47,1127,Day Trading Watch List for MONDAY!
164,1EPIbySt2xc,2:59:21,10761,"LIVE: SpaceX IPO \| First Trade, Price Targets & Real-Time Analysis for $SPCX"
165,J6wlDEgTapE,SHORT (0:00),0,"LIVE: SpaceX IPO \| First Trade, Price Targets & Real-Time Analysis for $SPCX"
166,pKwlC2DvSiQ,SHORT (1:00),60,Did You Get Your SpaceX Shares?
167,a_sPocQnr4g,3:00,180,SpaceX IPO: Did You Get Any Shares?
168,vcfpJWEqaTU,14:43,883,A Lesson on How to Manage Risk in a HOT Market...
169,6eU4iYh5xTw,SHORT (0:50),50,How I stay Green After a Big Loss
170,SKQp9GaDIi8,SHORT (0:00),0,New Stream
171,5UBYoh6J2e0,11:40,700,Trading a Chinese Short Squeeze! ThinkorSwim Small Account Challenge Day 4
172,YDCycC3xVMA,28:03,1683,We Just Had A 950% Short Squeeze
173,booI6io6mrk,SHORT (0:59),59,"+$140,000 In a Day (Day Trading)"
174,ltdLO7sAzow,13:03,783,We Just Had A Stock Go Up 950% in 2hrs
175,3oAWG7rRLHo,SHORT (0:29),29,SpaceX IPO: Forced Exit Strategy?
176,HAUMX8jFkEo,SHORT (1:00),60,Shorting SpaceX?
177,znf0QIW8KRE,17:38,1058,"This Is Crazy! We Just Had ANOTHER 2,000% Short Squeeze!"
178,6d6goYItFds,SHORT (0:29),29,PDT Rule Change: Spiking Volume?
179,udYfAMxK8GI,19:35,1175,SpaceX IPO: IMPORTANT Details Every Trader Must Know!
180,96qM5iyoGnc,SHORT (0:19),19,SpaceX IPO: Elon Musk Becomes Trillionaire?
181,RMxnG64WuLc,13:15,795,"We Just Had A Stock Go Up 5,000% Today!"
182,q4hFWknuLYY,SHORT (0:29),29,SpaceX IPO: Day 1 Target Price?
183,4tOf-A3MaOE,57:25,3445,SpaceX IPO: My Complete Trading Plan With 30-Day and 6-Month Price Targets
184,3x-A8JsgW5U,SHORT (0:43),43,Profit Target Hit? Don't Sell Yet!
185,qzSL8PtNylQ,SHORT (0:26),26,Can You Pass This Day Trading Quiz?
186,jf9Lb-fuA7c,SHORT (1:16),76,"How I Made +$75,000 Trading"
187,A7acrZyX9VU,13:19,799,"Up $75,683.64 TODAY on SpaceX Theme News"
188,UKhVRPkKK1Q,SHORT (0:57),57,How I'd Retire in 5 Years
189,O6PM7ygWCXI,SHORT (0:37),37,How I Pick Stocks to Trade
190,hQCwquA6O7E,17:00,1020,This Stock Went Up 288% THEN It Tanked over 50%
191,eMRYIeDWZkQ,16:13,973,This Stock Went Up 750% TODAY!
192,cy0Wl9oGLAo,SHORT (0:54),54,This Stock Squeezed up 750%
193,hutJTEEaWNs,SHORT (0:43),43,How Liquidity is Formed Stock Market
194,2IMvfIR1TPA,58:30,3510,"I Reset My Account to $2,000 (AGAIN) Charles Schwab ThinkorSwim Challenge Ep 1"
195,6xVvZOaUqIg,SHORT (0:42),42,Return of a Hot Market? (Day Trading)
196,g9sIkD_FqLk,9:37,577,Biggest Green Week for May! 4 More Stocks Up Over 100%
197,88u1mSNoFl4,11:20,680,We Had 5 Stocks Go Up Over 100% Today
198,gQSh61f3UjE,SHORT (0:36),36,SpaceX Bigger than Nvidia?
199,Mnu1X9shJIw,1:17:27,4647,"Made $39,476.53 in the Desert and Donated it to the Navajo Nation ☀️"
200,kA7fE1T90Uc,14:10,850,Will this stock keep going higher?
201,FvAUfj6z2oE,12:00,720,Day Trading Watch List for TUESDAY (We had 250% Short Squeeze on Friday)
202,7ztvQctVLfw,SHORT (0:50),50,How to Know The Market Your Trading
203,r88nmkORXBg,29:51,1791,SpaceX IPO: Everything you NEED to Know to Get Ready!
204,5M5AQsdsO-o,SHORT (0:54),54,Biggest Mistake Traders Make
205,W_9cjSPjiaQ,SHORT (0:36),36,Your Intuition is Probably Wrong Here's Why
206,5AV2OLWD1gc,29:53,1793,Top 5 Reasons Why Traders Lose Money 💰Don't Make These Mistakes!!!
207,wGBY2Gi6vWg,7:24,444,A 280% Short Squeeze on a Biotech Stock
208,G156KCnOgYw,SHORT (0:38),38,+$7k in Less Than 5 Minutes
209,wEszUmPYSvU,9:47,587,+$7k in Less Than 5 Minutes...
210,fNu5W37ramc,SHORT (0:50),50,Green Shirt = Green Day
211,2RA9A-IOlvo,14:02,842,a 780% Short Squeeze at 8am!
212,O5sOQy66kic,19:05,1145,Day Trading Watch List for MONDAY
213,z_nTBaX-QGI,SHORT (0:13),13,Day Trading in 3 Steps
214,EL5Atr1MP0I,14:32,872,Biggest Green Day of the Week!
215,VpXZez0qYHY,SHORT (0:53),53,Hitting Rock Bottom as a Day Trader
216,jw23r-zI0dw,12:29,749,trading in my car...
217,gSpdBefMu-8,SHORT (0:46),46,Understanding Scaling for Day Trading
218,_uwQS3k7-4U,SHORT (0:42),42,Dealing With Emotions While Trading
219,lbWlr8Ddzr0,15:56,956,What would you do?
220,rd8_4kBZK8c,SHORT (0:50),50,Should You Develop Your OWN Day Trading Strategy?
221,5XLiTd0Lc4w,SHORT (0:41),41,Perception is Everything Day Trading
222,F0xGlUENtU4,13:56,836,A huge loss...
223,3ahSvIsvlXo,11:10,670,Day Trading Watch List for MONDAY!
224,IV68FiaCyFA,SHORT (0:33),33,My Favorite Day Trading Strategy
225,qImrunVUKus,24:19,1459,This is the Hardest Part...
226,PfrQ4MviWo0,SHORT (0:47),47,Don't Blow Your Account in a Cold Market!
227,iiypasQmXdw,9:36,576,No Trade Day!
228,GpbtGMc-cT4,SHORT (0:22),22,Day Trading 101: Hammer Candle
229,dyLVF6fsB58,SHORT (1:10),70,Previous Stock Shows Caution Signs
230,rbLIgI5zddA,22:00,1320,Breaking News Sends Biotech Stock Up 60%
231,B9bbzHDzrlM,SHORT (1:03),63,Red Days Are Not Always Bad!
232,1Zsjn4SltGQ,13:00,780,RED DAY RECAP
233,fN0Uz7DHw5M,SHORT (1:10),70,Huge Green Day to Start the Month!
234,ckj7lewBPAs,11:59,719,The Game Plan is Paying Off!
235,jvtFwwK2Zmo,15:02,902,Day Trading Watch List for MONDAY!
236,N9zhdVnPf8M,SHORT (0:34),34,One Pattern Any Share Size
237,hLn6LrlXgAE,30:58,1858,The Only Candlestick Pattern You'll Ever Need (full training)
238,G9N49TMCiWY,SHORT (0:48),48,Understanding Candlesticks (Day Trading)
239,qMHm4NUoFxM,SHORT (1:23),83,Red Flags in Day Trading?
240,8Rc8v_kOu1w,7:14,434,Chinese Stock with No News Goes up 96%
241,haG7T06feT8,SHORT (0:55),55,"Biotech Catalyst leads to +$8,000 Green Day! (Day Trading)"
242,PHitAfGrmtY,15:43,943,Biotech News for the Win!
243,pgR1LSaDZ5U,SHORT (0:24),24,"Spot Trends, Increase Profit Odds! (Day Trading)"
244,j1lWQV40H_E,13:57,837,Red Day Recap
245,o-Hqx-GxMn4,SHORT (0:58),58,Why Do Traders Fail?
246,dVPqLvo_X9k,9:16,556,NO TRADE DAY
247,wq1ecBF4M8o,13:43,823,Day Trading Watch List for MONDAY!
248,YTPrEWABrGI,SHORT (0:37),37,The Two Reasons Traders Fail
249,8SWCCRLg1p0,54:10,3250,Ultimate Guide to Trading in a Small Account
250,hrZJKJ9NGbk,12:20,740,"+$2,306.80 Trading Leading Percentage Gainers"
251,11-3_F4fvVM,SHORT (0:39),39,Trade Smarter: Profit Ratio Strategy
252,atHr4cLbtI0,12:14,734,Day Trading the Top 2 Leading % Gainers in the Market
253,pIBy13JarYM,SHORT (0:47),47,How I Became a Successful Trader
254,tQU513I9BkU,SHORT (0:52),52,"+$56,000 In ONE DAY Day Trading"
255,6P25hNn_H00,45:57,2757,The Micro Pullback Trading Strategy (Small Account Challenge)
256,-j5aRiqtmig,SHORT (0:48),48,Identifying Trap Setup (Day Trading)
257,1g4FOzXvlpw,13:58,838,Today Was An Exercise in Discipline...
258,aF_XkBsnzkQ,SHORT (0:27),27,Is Momentum Back in The Stock Market?
259,TV3rb-Tl_kM,14:55,895,"+$21,690.15 on 3 Stocks Up Over 100% TODAY"
260,T_EgRZO3IkM,22:07,1327,Day Trading Watch List for MONDAY!
261,TZkQiVOR5vc,10:33,633,Here we go! Another Short Squeeze!
262,l5pBihz3TQU,SHORT (0:59),59,"+$21,193 Day Trading Small Cap Stocks!"
263,9Q48uYDUPjg,8:21,501,3 Stocks Up Over 100% With More Breaking News!
264,rRiNAGBJ3II,SHORT (0:29),29,Missed Move on Stock Up 800%!
265,B_6yuh7YY2g,16:56,1016,"400% Short Squeeze?!?! No, 800% is Better!"
266,cnoJ9DkWPVM,13:38,818,Big PDT Rule Change and What it Means for You
267,_qi8CleZ7cY,SHORT (0:24),24,The PDT Rule Officially Changed! (2026)
268,CVBv8tPpyxA,8:59,539,Prediction Markets Catalyst Sends Stock Up Over 100%
269,POMf8yNOhk4,10:45,645,Holding the line...
270,5qB-2P8iQjI,18:56,1136,Day Trading Watch List for Monday!
271,aSTNRYUQZE8,13:10,790,Hitting the Daily Goal!
272,Src8kE5SRzs,SHORT (0:39),39,Get Good at LOSING
273,GLEiKXQtL3s,SHORT (0:45),45,Why Day Traders Are Moving to Puerto Rico
274,qfReXP_lpQE,14:44,884,The Discipline NOT to Trade Low Quality Setups
275,Fx_OvMpf_P8,SHORT (0:28),28,Is Day Trading Gambling?
276,wSSOmCN1DZY,10:28,628,Get Green & Get Out!
277,X3gSZVrI_50,SHORT (0:32),32,What Is a Doji Candle?
278,Lrg5pGOH6_c,9:31,571,There Was Only ONE Obvious Stock
279,jUk4UfPIHDg,SHORT (0:40),40,Hammer Candlestick: Bullish Signal Explained!
280,6BgCNjfhLag,26:49,1609,Max Loss Red Day...
281,9osEhbytsF0,27:23,1643,Day Trading Watch List for Monday!
282,HrWHwpuz7E4,24:16,1456,How Traders (Legally) Pay ZERO in Taxes
283,Jda6OSN8qwM,SHORT (0:52),52,How I Trade Any Market In Seconds
284,FR4P05F3msg,SHORT (1:08),68,Ross's WORST Red Day of The Year
285,S1p2ht0UcpI,24:04,1444,BIGGEST LOSS OF 2026
286,GMsotPO01kk,SHORT (0:44),44,Where Day Traders Go Wrong
287,t793KtZcfyE,14:06,846,A Short Squeeze on Merger News Sends Stock Up!
288,SlLz0dB4qaI,SHORT (0:52),52,Advice For Beginner Day Traders
289,jZwBOwfSMhk,12:32,752,MAX LOSS RED DAY
290,eV68UIsEXpk,SHORT (0:31),31,Common Day Trading Myth 👀
291,unYS8e-5JAw,10:15,615,Two Stocks Up Over 100% On The Day!
292,JonY_wSOBB8,SHORT (0:58),58,Pressure Doesn't Always Make Diamonds..
293,sTZ7fNT6_z0,SHORT (1:00),60,A Look Inside Ross's Day Trading Travel Van pt.10
294,3hmDWJfZ0_0,25:08,1508,The Secret Nobody Tells You About Reading Candlestick Charts...
295,w9byEpm5IQE,25:01,1501,Breaking News Sends Stock from $3.00 to $12.45 in 2hrs!
296,-lBvZJRs6h0,SHORT (0:42),42,Ending The Week Green! Day Trading
297,--QD86PTCxc,SHORT (1:00),60,A Look Inside Ross's Day Trading Travel Van pt.9
298,-cOUFqvgYxo,SHORT (0:58),58,Good Karma Brought a MASSIVE Green Day!
299,Mt4bM0l13J0,19:16,1156,This Stock Went Up 300% in 3hrs
300,doDAPYRbeRk,SHORT (1:01),61,A Look Inside Ross's Day Trading Travel Van pt.8
301,NJJR_hyADEQ,SHORT (0:57),57,Why Trading Continuation Can be Frustrating Sometimes
302,tptW_GUZTTM,15:07,907,I Only Took 2 Trades Today...
303,oCJupHF6IhE,SHORT (0:58),58,A Look Inside Ross's Day Trading Travel Van pt.7
304,g5SkZVMPD6Q,12:38,758,Max Loss Red Day
305,g90kA0DdXXw,SHORT (1:00),60,A Look Inside Ross's Day Trading Travel Van pt.6
306,Z-N9lCcxDFM,SHORT (0:57),57,The SECRET to Why Beginner Traders Struggle!
307,KFJ5rX-KukM,SHORT (0:45),45,Chipping Away in a Cold Market!
308,NSIVY9rExmM,13:57,837,Breaking News Sends Stock Up 80% in 2hrs
309,dfua_xkTj2I,SHORT (1:01),61,A Look Inside Ross's Day Trading Travel Van pt.5
310,Yy53xTZ4zo0,12:24,744,Day Trading Watch List for Monday Morning!
311,RaMw-5Vk6ak,SHORT (0:58),58,A Look Inside Ross's Day Trading Travel Van pt.4
312,iXr5V_PM5XU,SHORT (0:57),57,A Look Inside Ross's Day Trading Travel Van pt.3
313,hAipShFNYh0,16:51,1011,Here's Why Traders Are MOVING To Puerto Rico ☀️
314,nM2MxYk6Eo0,12:43,763,"Day Trading a ""Continuation"" Setup"
315,k1xy2koW-J0,SHORT (0:58),58,Identifying Big Seller Showed Me My Exit!
316,lczcGtK5IAw,SHORT (0:59),59,A Look Inside Ross's Day Trading Travel Van pt.2
317,YRxry3l0aLE,13:17,797,I screwed up today...
318,_XXj4s0sNMI,SHORT (0:33),33,Identifying Large Sell Orders in The Market (Day Trading)
319,jnvVOajJyvk,SHORT (0:57),57,A Look Inside Ross's Day Trading Travel Van pt.1
320,g8NeWQrOgbM,SHORT (0:47),47,The Simplest Day Trading Strategy for Beginner Traders
321,grVwxjck5I8,12:09,729,The Only Obvious Trade...
322,FlkrnF04qgY,23:18,1398,This Stock Dropped 97% in 12hrs...
323,jJp153fAXho,SHORT (0:43),43,Simple Bear Market Day Trading Strategy
324,BGbnYupfTyk,15:26,926,A Chinese Small Cap Surprise!
325,xJHil5kPk7s,SHORT (0:37),37,When to STOP Taking Trades 👀 (day trading)
326,qmj9lJDB5QU,13:39,819,Breaking News Sends Stock Up 88% in 5 minutes
327,WMuwB3mXwHQ,12:14,734,Day Trading Watch List for Monday!
328,CmB0PYLGQ_w,SHORT (0:46),46,Could You Survive? (Cold Market)
329,_MV6pw3WKh4,17:24,1044,100% Accuracy on Friday the 13th
330,9DL6uVl4fY4,SHORT (0:31),31,Slippage Based on the Market (EXPLAINED)
331,0VjBl1ZwQVU,15:29,929,There Was Only ONE Obvious Stock Today...
332,j68vrP1XOrU,SHORT (1:00),60,Pivoting From Bull to Bear Markets (Day Trading)
333,trcKOZnoPPs,19:07,1147,The Bear Market Strategy Episode You NEED To Watch
334,lnydAmzYNHs,SHORT (0:30),30,You NEED This For Day Trading..
335,ZjkmBX7fgqI,21:28,1288,A Miraculous Recovery from RED to GREEN
336,eqyyfoqXueM,SHORT (0:42),42,BIGGEST Piece of Day Trading Advice
337,2IpOnPGuD2o,18:13,1093,"+$2,703.02 in Day Trading Profits"
338,JALBu5vI6tE,18:16,1096,Oil is up another 17% since Friday...
339,OxbdE17RmtU,SHORT (0:38),38,Risk vs Reward Day Trading Strategy
340,G54paZrpTZ0,SHORT (0:59),59,Military/Defense Stocks (Current)
341,tORBGTNTOUo,18:50,1130,Oil Continues to Climb Higher...
342,X1RKNI1OOvA,SHORT (0:55),55,conflict in middle east = defense stock squeeze
343,KnpatDLAxjY,19:52,1192,Israeli Defense Stock Squeezes 75% on Breaking News
344,zSxkFXe2PjQ,SHORT (1:15),75,How I get the MOST out of my green days
345,ZsrvXHcfc8s,14:12,852,"+$52,503.87 of Profits in 3 hrs of Day Trading"
346,lAVZRhW5YmI,SHORT (0:45),45,green day (day trading)
347,3s9fnCvdWMo,14:57,897,Energy Stocks Surging Higher on Middle East News
348,WqLUp4QTCQY,12:11,731,Energy Stocks Experiencing High Volatility
349,3zGW52hzP6c,17:50,1070,Day Trading Watch List for Monday
350,Ch8J7gwrrJg,14:12,852,Max Loss Red Day
351,p7N0ROa2zyY,SHORT (0:40),40,How I predict moves in stocks 👀
352,3ovOiVIJ_aM,24:42,1482,I made a mistake today…
353,NQxSLaglJN4,SHORT (1:14),74,will this stock hold? (day trading)
354,BiCYyGaTteE,11:25,685,Slow & Steady Wins the Race!
355,FzstBEujQkc,SHORT (1:24),84,knowing when to pump the brakes (day trading)
356,xrRXxtRTiMA,13:17,797,The Art of Patience
357,g7c0zbT0bHA,SHORT (0:50),50,Stock vs Setup (day trading)
358,5n24P_MtUEg,14:18,858,Discipline or Doubt?
359,534Em8VRmUA,SHORT (1:00),60,Hold too Long and Sell too Early 🫣 (day trading)
360,p5JkC4K8upc,15:58,958,Day Trading Watch List for MONDAY Feb 23rd
361,Nb04zJUe9H8,SHORT (0:37),37,VERY close to a red day 🫣
362,K1Zvoes1SNQ,12:39,759,Trading at the Opening Bell
363,tzm3SRXY-g8,SHORT (1:01),61,Solid Green Day (day trading)
364,PPJLNKFS224,10:40,640,A Hit or Miss Market...
365,EMZBFHx4dvg,SHORT (1:19),79,Green on Halted Stock 👀
366,hxIw63KWMZI,8:00,480,"+$9,373.32 on a 300% Short Squeeze"
367,cSxIYXl6_V8,SHORT (0:38),38,4 Skills I've Used for YEARS Day Trading
368,NA90q8dBJkI,8:56,536,It's Better Than The Alternative...
369,57G729mDHTs,15:40,940,Day Trading Watch List for TUESDAY
370,2_gc2LS7RP0,SHORT (0:39),39,Understanding the MARKET You're In! 📚
371,xiSYeo2p76g,SHORT (0:48),48,Wildcard Friday (BIG MOVE) 😳
372,AfxuHHa_sFY,18:57,1137,A Surprise Breaking News Headline Sends Stock +100%
373,_p04iNmORWE,SHORT (0:40),40,How to Calculate Stop Loss (Day Trading)
374,5yS8i0-aMvI,22:16,1336,A Surprise Short Squeeze
375,DWxPBNWaagw,SHORT (0:56),56,WINNING THE WEEK VS WINNING THE DAY
376,HYK2eKkViJs,32:15,1935,Recovered 1/2 of Yesterday's Loss...
377,8kTemJQAFPE,SHORT (0:58),58,KNOWING WHEN TO QUIT.. 😳
378,5Xbf_JuO-mE,21:19,1279,MAX LOSS RED DAY
379,gOi55ufRFDc,9:30,570,I Gave Back 1/2 My Gains...
380,2OUXHpGt07I,SHORT (0:34),34,SCALING INTO TRADES 👀
381,2DGfDknxTlg,23:46,1426,Day Trading Watch List for Monday!
382,Qi5bYZ2yc8w,SHORT (0:33),33,IMPORTANCE OF TAKING YOUR WINS 👀
383,Z5D8nhEtzOo,9:04,544,Recovered 1/2 of Yesterday's Loss....THIS IS PROGRESS
384,HGATds95-p4,18:53,1133,Red Day Recap
385,UGIE5ue0ZWM,SHORT (0:53),53,HOW DAY TRADERS REDUCE TAXES
386,286pmTRVOzs,SHORT (1:00),60,INSANE MOVE BY STOCK 😳 (day trading)
387,eGai4gYuo0Y,16:09,969,I wasn't expecting this...
388,RvwG_Dyfgms,6:42,402,No Trade Day!
389,GJd6CkCw-hQ,21:00,1260,"Watch List for MONDAY After a 3,310% Short Squeeze on Friday!"
390,zeli2pJBCiY,SHORT (0:35),35,short sellers..
391,016ibIK58t0,21:06,1266,"A Lesson on Short Selling +$31,076.62 in 2hrs"
392,plxlYGblHoA,14:23,863,"A Slow Day...until a 1,200% SHORT SQUEEZE"
393,WYB5jmTDBO4,21:47,1307,I Gave Back 25% Of My Profit Today...
394,a0KN1P2-Ibs,SHORT (0:36),36,Ran Out of Buying Power on This Stock! 😳
395,RAJXknk-VI4,18:29,1109,Day Trading Breaking News!
396,ex2zbm1NLtA,SHORT (0:54),54,Example of MICRO PULLBACK (day trading)
397,8h9Qk9W-9ik,20:39,1239,"$11,734.61 in 2hrs of Day Trading"
398,hQtGnlLS4Yo,20:20,1220,Watch List for MONDAY (Friday we had a 700% Short Squeeze)
399,WImLVayOwRo,10:40,640,Trading the Leading Percentage Gainers in the Market
400,ts-3WAJ7rPs,SHORT (0:27),27,Why Day Traders QUIT.. 👀
401,v5ucoP4hs-0,SHORT (0:46),46,🚨 SCHWAB DAY TRADERS: Have You Noticed This?? 🚨
402,Vd3ztXAFRRo,6:24,384,BIG NEWS for ThinkorSwim & Charles Schwab Users!
403,2K1w8EMXr1A,SHORT (1:03),63,Why REVERSE SPLIT STOCKS keep showing up as BIG movers 👀
404,tnazRI3e3WY,13:19,799,299% Recent Reverse Split Short Squeeze!
405,ZGDQKk4gBgc,SHORT (1:25),85,Day Trading a Foreign Stock 👀
406,Uft2BuJpap8,8:07,487,Buying the Break of VWAP Setup
407,91PIW03yuvg,13:41,821,Day Trading WATCH LIST for Tuesday Morning!
408,-jSYkNsGwcc,26:01,1561,These are the Stocks Giving the Biggest Wins in 2026...
409,P8pv4TZPRqE,SHORT (0:33),33,DAY TRADING WITH AN EYE TRACKER 👀
410,jyAGeXar96Y,SHORT (0:47),47,BROKER COMPARISON 👀
411,ZKsNP11rU1Y,13:10,790,4 Base Hit Winners = 1 Daily HOT MARKET Goal
412,W91hDuTXxw8,28:12,1692,"ROBINHOOD SMALL ACCT CHALLENGE: Trading with a $2,000 Account (DAY 1)"
413,MhufwrUFvzA,SHORT (0:56),56,BOTCHED THE BIGGEST MOVE OF THE DAY 😱 (Day Trading)
414,0kC1DPUycE0,12:50,770,I Can't Believe I BOTCHED the Biggest Winner Today!
415,wHB-o-vQay4,SHORT (0:39),39,500% SURGE!
416,lneGXw0sxzo,24:16,1456,Will Prediction Markets Become The Latest HOT Theme?
417,cXp-i4wM4eQ,14:32,872,These Stocks Were NOT AVAILABLE on Schwab...
418,EbsPz8WfNAY,13:53,833,Did we just have a 600% Short Squeeze??? YUP!!!
419,-WSMyWr4ILg,SHORT (1:00),60,Day Trading Leverage Explained!
420,BNU-Xe9D59Y,29:20,1760,Day Trading Watch List for MONDAY!
421,SQ_6R3WgxlQ,SHORT (0:39),39,DAY TRADING PDT RULE
422,q0r2I0fyH6I,SHORT (0:55),55,Beginner Traders..
423,BUJQPzYCtJ0,13:17,797,RED DAY RECAP
424,_YxF1p5U9wk,SHORT (0:29),29,How I Decide What to Trade
425,vKjnG1YKXfY,19:50,1190,Breaking News with Starlink Sends Stock Up 100%
426,eYwFYoL6kDE,13:25,805,Quality vs Quantity
427,-uhsWPSFsx8,SHORT (0:44),44,LESS IS MORE (day trading)
428,cgIghGaQtY4,28:48,1728,I Grew 3 Small Accounts with 3 Different Brokers...Here's What I Learned (And Ex…
429,tDb0WPsRZT4,12:53,773,"+$7,549.61 on DAY 2 of 2026!!"
430,pKHzgYSBCEc,15:06,906,"Is this the end? Day 10 of Trading at Webull with $2,000"
431,E0u1KKDsQ5Q,11:09,669,My Account is up 25% TODAY
432,_2Wplp-aNr4,10:57,657,"I'M RED on Day 9 of Day Trading at Webull with $2,000"
433,2T3cZs-LSeY,14:00,840,WATCH LIST for MONDAY & Update on the WEBULL Challenge
434,oaHTe5lotSQ,54:46,3286,"I Reset My Account to $2,000 (AGAIN) Robinhood Challenge Ep 1"
435,dSiAML8v7Ng,11:44,704,$120K Remote or $240K Office? (I'd Choose THIS Every Time)
436,Lin4WAwzPNY,45:42,2742,Stop Overtrading: How Doing Less Made Me 3x
437,jpPgEAAVMxY,10:37,637,"+$15,113.96 Day Trading a SPAC and a Recent Reverse Split Setup"
438,0Uj8k9PlBhE,12:21,741,"Day 8 of Trading at Webull with $2,000"
439,YEsY7ijMfck,SHORT (1:01),61,A Reverse Split with Breaking News but ONE BIG PROBLEM...
440,oHGXH8JnGS4,12:00,720,A Reverse Split with Breaking News but ONE BIG PROBLEM...
441,JvcOwT83nJM,SHORT (0:35),35,Understanding Scanners Day Trading
442,f-iUyIhc3NI,11:33,693,Day Trading WATCH LIST For Monday!
443,tR-tyjV1WQ0,53:31,3211,I Want to Improve My Trading Over The Next 4 Weeks…Here's How I'd Do It
444,IKwm-KdCqpg,9:17,557,One Trade / Day (Holiday Trading Strategy)
445,O5eR2z1_DSc,6:43,403,Only ONE Trade for Wednesday!
446,iG3wkTqsRdU,8:22,502,Trade the Best - Leave the Rest
447,7BZtycqM8Tc,SHORT (1:14),74,Increasing Accuracy Day Trading
448,xzwNfGm2OWY,11:40,700,"+$10,806.46 with JUST ONE GOOD TRADE"
449,DLhI6XtBSwc,25:05,1505,Day Trading Watch List for Monday!
450,Gwluel-QFTQ,SHORT (1:02),62,Day Trading Strategy!
451,oKlhUSSHe2Q,1:14:37,4477,How To Start Day Trading in 2026 (full training)
452,vRG7rEDDBXw,10:28,628,There was only ONE trade today...
453,tMmGnVAVDSE,16:14,974,Trading on my Laptop!
454,HXAe3IhsQmo,SHORT (0:24),24,high accuracy day trading!
455,PcKxDURCjww,15:48,948,Breaking News and a Halt PENDING News
456,XDyZNlvvyzQ,16:21,981,I DID NOT Like the Most Obvious Stock Today...
457,-E4GFWozCtM,1:31,91,INSANE MOVE BIOTECH STOCK 🔥
458,TljZgneCPV4,24:29,1469,Biotech with Breaking News Squeezes +300% in 15minutes!
459,QPOKQt70KAs,15:33,933,DAY TRADING WATCH LIST for MONDAY
460,VvgI_yCB-VY,SHORT (0:38),38,Day Trading Q&A
461,PjCOraTuBNw,24:37,1477,It Would Have Been a NO TRADE DAY if I were using ThinkorSwim...
462,FletwPgWzHg,SHORT (1:00),60,From No Trades to Big Green Day! 👀
463,XEjU5i9gtIM,SHORT (0:31),31,Solid Green Day! (Day Trading)
464,9Q5y_PhZfig,22:06,1326,Another BIG Short Squeeze!
465,M-YUXjgNqTs,SHORT (0:53),53,NO NEWS = BIG GAINS?? 🤯📊
466,K-Nf5ls9edA,29:42,1782,A 388% SHORT SQUEEZE!!
467,LTTI4MCJVeQ,16:25,985,Why are Special Purpose Aquisition Companies Moving Up??
468,qZieuqMwFLU,SHORT (0:40),40,MAX LOSS DAY TRADING 😰
469,1gADIhkJ1Jw,24:34,1474,MAX LOSS
470,v-D3N9UL9hI,20:24,1224,Day Trading WATCH LIST for Monday Morning!
471,3K7pbMtZzj8,24:44,1484,"Day 7 of Trading at Webull with $2,000"
472,bZjbsbpRwnE,23:29,1409,"I Can't Believe This Stock Went Up 10,000%"
473,XfC1UkrWN5M,SHORT (0:37),37,Accuracy when Day Trading!
474,te09kY-FTMc,18:40,1120,Why I Avoided A Big Move...RED FLAGS
475,bD7xAMdj4vg,13:43,823,"Day 6 of Trading at Webull with $2,000"
476,ia5lNX0sYA0,SHORT (0:59),59,INSANE MOMENTUM (Day Trading)
477,1ZM1u762e8U,13:14,794,"Day 5 of Trading at Webull with $2,000 (High Short Interest Squeeze)"
478,msN3iuNN_IU,1:48:57,6537,Last Call: Cyber Monday Sales END AT MIDNIGHT ⏰
479,GhsuqN-RMh8,1:28:45,5325,BACK TO BACK Big Green Days
480,-KcmoPm_skg,1:30:50,5450,Ross Cameron is live!
481,RJmEosMqLL4,SHORT (0:49),49,Is The Day Trading Market Hot Again?
482,pxbEPQ51RzQ,18:47,1127,Momentum is BACK with a 215% Short Squeeze!
483,H34--Upw0Do,17:51,1071,"I'm Looking For The NEXT 1,000% Short Squeeze"
484,e6rny670ono,1:36:59,5819,LIVE STREAM (Black Friday Special)
485,PtrSd1I9Z50,10:53,653,"Day 4 of Trading at Webull with $2,000 (Commission FREE vs Direct Access Brokers)"
486,udVzNg8FWvg,7:41,461,There Was Only ONE Obvious Stock Today
487,cWph88qKZ0w,15:17,917,"Day 3 of Trading with $2,000 at Webull (I'M UP OVER 50%)"
488,HpUIGaOfzj0,1:32,92,Explaining Micro Pullback Entry Day Trading
489,GfbJUq8IHwE,11:55,715,Day Trading WATCH LIST for Monday!
490,ErNhmL7i6oI,18:45,1125,GREEN DAY
491,B6YWrSY4E3U,28:29,1709,"Day 2 of Trading with $2,000 at Webull"
492,4cT4ujwuY80,SHORT (0:33),33,My Turning Point in Day Trading
493,FuDhJrtboDE,30:25,1825,"Day 1 of Day Trading with $2,000 at Webull"
494,mk0qg2TKnJk,5:34,334,Question/Answer Session With Ross (Sponsored by Cloudflare)
495,Oyl6oRP8-qY,SHORT (0:29),29,livestream chat went CRAZY! 🔥
496,mIfrB1I8glI,1:18:41,4721,LIVE STREAM (brought to you by Cloudflare)
497,L3MlCrXvJhU,SHORT (0:33),33,Studying Day Trading! 📚
498,jqwMSYjRoIU,20:24,1224,Some will disagree with me...
499,UGw2F3eIswU,25:32,1532,Watch List for MONDAY: Small Acct Challenge DAY 1
500,u8wLBWI9jzk,SHORT (0:18),18,WHY Stocks Move 📈 (Day Trading)
501,-6gIqlVhxeI,27:33,1653,"I Reset My Account to $2,000 (AGAIN) Webull Challenge Ep 1"
502,Khxza62tZmc,11:13,673,It's Starting to Make Cents...
503,9HDoZDAEBE4,SHORT (1:01),61,Determining the Market Day Trading
504,Gc_6YvoFOuA,14:26,866,"A Surprise 1,000% Short Squeeze with a Blue Sky Daily Chart"
505,YB1Khg7D23k,9:51,591,I Can't Believe I Just Lost -$30k...
506,-b6R90tTyr4,SHORT (1:02),62,Big Loss Day Trading 😰📊
507,-FESHqHy5FY,SHORT (0:41),41,Understanding Level 2 Data Day Trading
508,HB1IbyuJ37s,55:32,3332,Level 2 for Day Trading (+$65k in 2hrs After Spotting Hidden Buyers)
509,a7ONxKojI4E,23:30,1410,Day Trading Watch List for MONDAY!
510,7XIg61K4VcA,SHORT (0:39),39,How Long Will This Cold Stretch Last? Day Trading
511,Ut13-n9g7VQ,SHORT (0:19),19,Understanding the Day Trading Market
512,LUSItwMFftE,SHORT (0:16),16,The Most Obvious Stocks Day Trading
513,dOtgt3fHQf8,8:16,496,The Top Gainer Went Up OVER 100%
514,0n5XIzxoxuw,SHORT (1:05),65,RED DAY 😔 Day Trading
515,7MuijbbKkLA,16:47,1007,RED DAY RECAP
516,hRPKbTA9Eg8,SHORT (0:51),51,How I'd Trade ANY Market 📊
517,ef4ncWKYBkM,17:45,1065,Why I'm NOT Short Selling...
518,9MbWukhE13Y,SHORT (0:37),37,What Causes Stocks to Move? (Day Trading)
519,czJxKq1GIsM,9:44,584,Is Momentum Back?!? We had 3 Stocks Up 100%
520,oB-LJHoVyqg,18:04,1084,Watch List for MONDAY!
521,kxCAA21duKs,16:37,997,A Surprise 200% Short Squeeze on Chinese Stock HKD
522,MXAD3Xpm7BY,SHORT (0:43),43,Trade or Treat! 📊
523,fHGsmx_Us0M,SHORT (1:00),60,Hot vs Cold Market Day Trading
524,CdTm3CJ3tkY,15:06,906,The Small Cap Hot/Cold Cycle...
525,mcCj0QJoqg4,10:49,649,Here's what I think is happening...
526,lIl6bTIO6sI,SHORT (0:38),38,Red Day Day Trading
527,VgYKWmod5TA,9:50,590,RED DAY RECAP
528,aAoKuOx8xU0,SHORT (1:22),82,Importance of Volume Bars Day Trading
529,XM_sBC6u_L8,11:34,694,Biggest Green Day In Over A Week!!
530,AY4XES-fL-g,16:09,969,Watch List for MONDAY!
531,z7RFd126Yrs,SHORT (0:19),19,Setting Goals Day Trading
532,6Yszkb7ZZoY,2:03:04,7384,How I'd Retire from the 9-5 Job in 3 Years (Starting from ZERO)
533,AuSHflRILjU,18:55,1135,"A 1,000% Pre-Market Squeeze then a 100% Biotech Gain!"
534,iK0gvNkHwxg,SHORT (0:33),33,BULLISH vs BEARISH Day Trading
535,qtOdkPKiEgw,30:31,1831,😬 5 Reasons Why Traders Lose Money
536,hHuDrXz2ZbE,SHORT (0:44),44,Market Sentiment Day Trading
537,ivTadedOL7M,23:36,1416,Trader Rehab is COMPLETE!
538,Zdr4n8RSOmQ,26:29,1589,👉 Picking Stocks was HARD Until I Learned This 5 Step Trick
539,qgKH38psE2s,26:48,1608,TODAY We Had A Massive Short Squeeze At The Open!
540,Ax43xEASqB8,SHORT (0:32),32,Candlestick Pattern Day Trading
541,OWjjmR0VTdc,17:47,1067,Day Trading Watch List for MONDAY
542,BlBUug5XNlI,17:39,1059,"CHALLENGE COMPLETE: Day 12 of Trading With $2,000"
543,n_iyeb_KTK0,SHORT (0:53),53,MACD and Signal Lines Day Trading
544,0Zh105lq9Rk,15:39,939,Day 11: Scanner Alert Sends My Account +220% 🥳
545,q_ZliMvD8yc,13:02,782,Today I made a rookie mistake…
546,YHPg5_HCRKU,14:31,871,Day 9: A Nearly Perfect Trading Day…
547,4KBYZgk0V5I,SHORT (0:41),41,Multi Timeframe Alignment Day Trading
548,7sqElDnklB8,7:51,471,Scam Alert!
549,v5JQA05Ie8U,SHORT (0:39),39,Day Trading Green Day
550,0jZhavzGYJQ,8:36,516,"Day 5 of Trader Rehab (I'm still down -$64,388.72)"
551,ELoPES2rUeM,19:49,1189,My Day Trading Watch List for MONDAY!
552,xhcPpyBogtU,SHORT (0:43),43,Exit Indicators Day Trading
553,QT0cDA5k9IQ,23:31,1411,I'm Up 132% 💪🥳 Small Account Challenge Day 5 through Day 8
554,_hrtkolz9Xw,SHORT (0:45),45,BEGINNER TRADERS 👀
555,Rk_4f_lO1mE,13:48,828,Day 2 of Trader Rehab 💪 There was ONE A-Quality Stock Today…
556,KRUUoavIUtA,SHORT (0:35),35,TRADER REHAB
557,1stvZWKwSwk,23:42,1422,Day 1 of Trader Rehab 😵😓
558,BAXdZ7j-S-I,SHORT (0:40),40,BIGGEST RED DAY 😰
559,jZ8tIoUDPlY,43:38,2618,My Biggest Loss in More Than 4 Years...
560,t4BY-h8smdU,SHORT (0:20),20,Understanding the Market When Day Trading
561,2QVGIGDjrM0,20:41,1241,"Small Acct Day 4: We had a 1,500% Short Squeeze Today!!"
562,ZCn5huxksQQ,12:30,750,WATCH LIST for MONDAY (Day 4: Small Account Challenge)
563,LGjjdcuHIfc,SHORT (0:34),34,Why I Quit my 9-5
564,7e52n1veFwE,27:18,1638,Four (4) Market Types You NEED To Understand 🍏 Small Account Challenge Day 2 an…
565,mVjRgZ276cI,SHORT (0:46),46,Overnight Market Risks & Leverage Explained
566,UzqdfYmDuWQ,SHORT (0:44),44,Small Account Challenge Update!
567,P9rTTCSQONI,SHORT (0:33),33,DAY TRADING
568,LE8YtxuwZRo,32:45,1965,"I Reset My Account to $2,000, AGAIN!"
569,DbrukAx14UQ,SHORT (0:53),53,AMAZING NEWS!!
570,n5tWaS3u9Ks,15:24,924,A shift in the market is happening...
571,ZRRCyIoZnHE,22:34,1354,I blew up my small account… 🤯 Small Account Challenge Day 6
572,SUXNhTshjLA,20:57,1257,GAME PLAN FOR TOMORROW
573,Gis0gKcnQsI,SHORT (0:25),25,HOW LEVERAGE EFFECTS DAY TRADERS
574,Xy3SeJcUYew,27:45,1665,HUGE Announcement on the PDT Rule...
575,moaFqSLnNQ4,42:55,2575,"I turned $2,000 into $25,229.96 🍏 Small Account Challenge"
576,AxDvV-Q0NM8,12:06,726,Some Will Disagree But The Proof Is Undeniable...
577,FXpltGCWfuY,19:09,1149,When The Going Gets Tough With A Small Account…
578,TvvZ2KQdJ_A,1:38,98,SAY GOODBYE TO THE PDT RULE! BREAKING NEWS! 👀
579,SIW2sEdaQFA,23:41,1421,I Made One Trade and Doubled My Small Account
580,iSOCezifrtg,SHORT (0:29),29,Lucky Sweater 📊
581,78I0DsTmZOA,30:58,1858,"I Just Reset My Account to $2,000 👉 Small Acct Challenge DAY 1"
582,w97KlUrVDk0,1:48:37,6517,How to Grow a Small Account with ZERO Experience (Full Training)
583,vNm7txYf7HA,32:09,1929,My Biggest Win of 2025!
584,-kDmWgS96uo,SHORT (0:40),40,How News Effects the Stock Market
585,tJvPy0TEXCY,10:56,656,Something Changed...
586,zXYKuEIBhsQ,8:05,485,I Took a Big Loss on my 2nd Trade of the Day!
587,STtOeOeip7s,14:24,864,The Hot Streak Continues! Green on 7/7 Trades Today
588,6GDEGfGJ5GQ,SHORT (0:21),21,MASSIVE Green Day (Day Trading) 👀🔥
589,5hMvCtmVFyQ,12:18,738,Green on 100% of My Trades Today!
590,93GWZHDS974,24:00,1440,Day Trading Watch List for MONDAY!!
591,4rhcLRzQJdg,13:45,825,I didn't expect this!
592,wzI7J_efLCw,SHORT (0:34),34,HUGE Green Day (Day Trading)
593,b_yYtICYmXE,15:49,949,Did YOU Find The Most Obvious Trade Today?
594,toPPxbAD0iY,13:50,830,a -$60k Loss?!
595,JuiS-Z3QEE0,SHORT (0:42),42,Day Trading Quiz! (MACD) 📊🤔
596,jDiMjBYxubk,SHORT (1:19),79,return of a bull market? 📈🤔
597,SLpD6pVlpT8,22:15,1335,"Top Gainer in the Market is +2,493% TODAY!"
598,-qfzL6K71e8,SHORT (0:45),45,Brokers Profit From Traders..
599,vvXX2ycveuw,31:51,1911,"The Simple MACD Strategy to Spot Big Winners Early (5,712% Example)"
600,MEwW0PSDUmY,19:53,1193,Day Trading Watch List for MONDAY!
601,C2bb5mQ0wSs,22:34,1354,How I'd Replace My 9-5 Income & Quit My Job (Starting from Zero)
602,JU6x5oNCc1A,8:00,480,This is frustrating!
603,7Kq6Hl-V7cI,SHORT (0:32),32,What Makes a Stock Move 📊
604,Wlce2tMNDOI,15:39,939,Red Day Recap!
605,IdMB7bYp_D4,10:52,652,Defense Mode Activated!
606,wTDOadUAgeA,SHORT (0:10),10,FOMO Day Trading
607,_KyMhv3ACuc,10:15,615,100% Accuracy on Today's Trades!
608,_kR_bzxVEGQ,18:03,1083,Day Trading Watch List for TUESDAY! (P.S. Labor Day Sales End TOMORROW)
609,HJPb7TqLC_Y,SHORT (0:22),22,hot vs cold market day trading
610,6Wwdpd62m2c,20:32,1232,Does Timing the Market Actually Work?
611,_m_m0L2FVYM,SHORT (0:11),11,Jet2 Holiday 😅
612,qdA8YfQCbU8,18:00,1080,I Started the day DEEP RED…
613,d-0NNb1XvhA,22:56,1376,Losing OVER a Million in 1 Day?!?
614,pr6w7dT2eBY,SHORT (0:17),17,ups & downs of day trading
615,brtFX7HGt5I,11:57,717,+$12k in Trading Profits in LESS than 30min (Most Obvious Trade Today)
616,BtezoKJQsRk,18:42,1122,Well this is unusual!
617,pTAdpVrh2M0,SHORT (0:24),24,Why You Need to Use a Day Trading Simulator
618,-vK6StNRA-g,SHORT (0:33),33,Travel Day Trading
619,SoQT48tw7VI,6:11,371,No Trade Day!
620,r4fGR6Y52Zs,16:18,978,THIS Stock went up 68% RIGHT off my Sunday Watch List
621,MlZsz6DfPGo,SHORT (0:18),18,The Truth About Day Trading..
622,QmTfyp8m2-8,24:56,1496,Day Trading Watch List for MONDAY!
623,_FK6by6aooI,SHORT (0:34),34,Why Most Day Traders Quit
624,ELxwQ3r0JUs,31:47,1907,1 Month vs 1 Year vs 1 Decade of Day Trading Experience
625,6mMcrnqykKQ,SHORT (0:38),38,Day Trading a Cold Market
626,eHwRAALDrNQ,11:45,705,I didn't expect this...
627,NZ6jD5QDcYQ,SHORT (0:32),32,Why You NEED a Computer to Day Trade
628,OyhGtb86F8U,19:27,1167,What else could it have been?
629,Y8ZSKwONTKI,SHORT (0:45),45,How to Day Trade in a COLD MARKET 🥶
630,97ydughh3Dw,10:43,643,The Most Obvious Stock Today!
631,ZY_GJSl4nWk,8:21,501,How I Went from RED on the Day to GREEN!
632,R3zpqCGciBc,SHORT (0:47),47,Managing Loss Day Trading
633,9Rp6V0eMuew,7:16,436,RED DAY RECAP
634,2B0AunXf908,19:43,1183,Day Trading Watch List for MONDAY Morning!
635,wnoNr5p-Kmk,SHORT (0:36),36,Day Trading Secret Weapon..
636,KohkZJx7iG8,20:23,1223,5 Day Trading Tools I ACTUALLY Use Every Day
637,g3AmwO3PGCY,SHORT (0:58),58,Momentum Day Trading
638,ptcb6O_PWYA,11:51,711,How a Slow Morning Turned Into the BEST Day of the Week!
639,AKKPTtyhDzo,SHORT (0:49),49,Day Trading
640,uhJszOo4eTk,7:36,456,This Stock Went Up 300% TODAY
641,ERyJBUHlz4I,SHORT (0:47),47,Support and Resistance when Day Trading
642,nohqMp6PXtc,8:13,493,The Two Most Obvious Stocks Today...
643,FmzHex3IzW0,6:42,402,This Stock Just Went Up 280%
644,ntM09DJj15E,25:03,1503,How Much Risk Should I Take?
645,J07oC-d7JgE,SHORT (0:34),34,Dealing With Day Trading Emotions
646,glDujVuXiiI,11:57,717,How to Avoid Red Days...there is a trick...
647,8evKaa5xhOQ,13:34,814,Day Trading Watch List for MONDAY
648,ROz7q2ZzZ3k,17:37,1057,Don't Trade Monday Before Watching This!
649,9nD9NwBfX8c,SHORT (0:52),52,Utilizing Multi Timeframe Alignment When Day Trading
650,5pz-CSYpEGw,9:16,556,Survive 'till You Thrive!
651,OcPYKZH9-fc,8:15,495,It only takes ONE good trade!
652,_RTq27YihuA,SHORT (0:24),24,Understanding VOLUME PROFILE 📊 For Day Trading
653,BB8SXY-Lqck,SHORT (0:49),49,Day Trading NIGHTMARE 😰💤
654,f7Wi_8VGtPs,11:50,710,This is Why Profit Cushion is So Important...
655,uiBZ3ZX8LBI,SHORT (0:54),54,RECOVERING from RED DAYS day trading 🙌📊
656,WEg63zxZ42s,12:03,723,"Playing Defense Made Me $25,000 (here's how)"
657,a_ogMnihcIU,18:42,1122,Monday Day Trading Watch List (P.S. Start Your 2 Week Trial Today!)
658,4ErjMeCOGKE,SHORT (0:33),33,stop GUESSING when day trading 🤦‍♂️
659,N7o5FxlBT0I,16:17,977,5 Honest Truths About Day Trading
660,nZfFe4EnWXw,17:04,1024,The worst way to finish the week...
661,TAVp5fEGols,SHORT (0:24),24,Utilizing the MACD when day trading 📚
662,qXVkw4ZEvFU,SHORT (0:40),40,today's LEADING GAINER 📊👀
663,fgA7-UKLfac,9:46,586,Recovery Day 3: Recent IPO + Biotech News
664,QePht_xDezM,SHORT (0:51),51,How to AVOID RED DAYS 👀
665,YKYQa0hxz0Q,9:17,557,Recovery Day 2
666,t_x65_zTF-Y,SHORT (0:32),32,RECOVERY DAY 📊📈
667,0VhQKQwyd9A,11:40,700,Recovery Day 1
668,AkLg9KbWoYc,SHORT (0:54),54,BIGGEST RED DAY OF THE YEAR.. 😅
669,-N7FApYrl5c,20:31,1231,Biggest Red Day of 2025
670,dEEisa2i7fA,19:13,1153,My #1 Top Stock on the Watch List for Monday Morning!
671,JVn6RVaDH5Y,1:30,90,"DON""T SAY HER NAME..🙃😅"
672,MFFcRT7QBeA,SHORT (0:57),57,change in the PDT Rule?? 👀
673,MZ99FWF9xoE,13:51,831,BREAKING NEWS: A Change to the PDT Rule?!?
674,_0YVEB5qsYk,17:54,1074,Don't even say her name... 😓
675,HtP7DFvUyA4,SHORT (0:58),58,reducing your BURN RATE 🔥👀
676,UQM5g6dbrRw,SHORT (0:30),30,HUGE squeeze today! 😳👀
677,hHdplVBpfNs,12:15,735,+200% Short Squeeze with No news??!!
678,k2lxnmaNKYk,16:18,978,3 Stocks Breaking 100% in Gains TODAY
679,qY4oUYEqutk,SHORT (0:41),41,Some NICE Trades Today!
680,PbhLEGv4mlQ,11:24,684,One Trade off the Watch List PLUS a Biotech Breaking News Trade!
681,Wy-1sNUVwhw,22:47,1367,Day Trading Watch List for MONDAY!
682,8UBQoGFF87c,11:51,711,Two Recent IPO's Made HUGE Moves!
683,5VrXkd7PsgQ,15:41,941,The Biggest Green to Red Move EVER...
684,eV7mj0vYW2Y,SHORT (0:20),20,ROUGH morning trading.. 😅📊
685,0yFYtidECwk,11:21,681,Today was a disaster!
686,cD-lKUEYRjU,SHORT (0:46),46,ALMOST RED UNTIL.. 👀📊
687,37Iod_kBzxw,12:11,731,A 395% Surprise Short Squeeze at 10am ET
688,FRKayxrQMdc,SHORT (0:38),38,MAJOR STOCK SQUEEZE! 😳📈
689,cipbQ5yQKH0,15:37,937,The Leading Gainer Gives The Biggest Profits Today
690,2MdgpVCzPdo,23:49,1429,Day Trading Watch List for MONDAY (Plus a Lesson on Stocks vs Patterns)
691,pyDzzEq8tSU,19:02,1142,+600% on Biotech with BREAKING NEWS
692,sNgmpvUTRCc,SHORT (1:00),60,BIG green day 👀🟩
693,unT7zASfboE,14:39,879,Is Bitcoin Driving Stock Market Momentum?
694,0JyLV9PNuQo,26:33,1593,This is extremely frustrating...
695,4f9q09peamY,19:26,1166,The ONLY OBVIOUS Stock Today
696,J_PVXyzn70Q,18:26,1106,I Can't Believe I Did This...
697,k2X1iBTrEaI,25:06,1506,Day Trading Watch List for Monday!
698,aqTXoV923OE,1:25:25,5125,7 Candlestick Patterns I'M ACTUALLY USING Every Day
699,CG85iryihiU,SHORT (0:35),35,BACKUP PLANS 👀⚡️
700,mL6nwupRaDA,SHORT (0:38),38,Huge Momentum!
701,W5zBRB9xTw0,10:57,657,Another Crypto Headline Sends a Stock Up 250%
702,Mu_E7TZi62w,SHORT (0:41),41,Day Trading Pop Quiz – Can You Pass? 📊🤔
703,1cI_qgeTH0g,12:04,724,Trading 7 of the Top Leading Percentage Gainers
704,6nagXyTwYyc,14:59,899,WOW the Momentum is AMAZING!
705,3UHvbiVDfCE,25:59,1559,Watchlist for Monday after a 400% Squeeze then a 90% Drop on a China Stock on Fr…
706,Wsq8zdtCcis,1:17:13,4633,"How I Made $500,000 in 7 Days of Day Trading (Full Training)"
707,xnYqMbwZns4,SHORT (0:40),40,watch out for TOPPING TAILS 👀📊
708,ZzQpcP_xWhw,12:32,752,A 300% Surprise Short Squeeze on Friday!
709,ljr8lH52f-U,SHORT (0:24),24,Pre-Trading Checklist! 📊☑️
710,RUuJzmz5jCg,23:10,1390,How I'm RED on a stock up 300%...
711,jLqE2Im1RMs,10:39,639,We Just Saw TWO 100%+ Short Squeezes!
712,L9gm7o8YUfg,11:13,673,Red on the first trade....Red on the last trade
713,qwD2Wja7ozs,11:21,681,I won't say good morning...
714,6mqsryt0d0E,SHORT (0:27),27,Trading Tired? 😴📊
715,Voixr-cPSIM,16:10,970,Watch List for MONDAY! See my notes in comments/description!
716,HM--b1tgoRk,23:47,1427,I Tried 3 Copy Trading Alert Services for 7 Days. Here's the Data
717,0AcHTBTN35E,28:29,1709,Home Runs vs Base Hits (Hot Market vs Cold Market)
718,UzA1txyqUB0,SHORT (0:47),47,JACKKNIFE CANDLE? 📊👀
719,HTgPBJIKoHg,14:59,899,Watch List for FRIDAY & The Most Important Setup I'll be Watching!
720,j0onK0lUd6k,17:14,1034,300% Biotech Short Squeeze on Breaking News!
721,Am2GCUHGzlg,13:56,836,There Was Only ONE Obvious Stock Today
722,VrTcNniCHTs,SHORT (0:17),17,JUST WALK AWAY 🚶📉
723,nJS8TBoYmf8,SHORT (0:55),55,MORE ENERGY MOMENTUM! ⚡️📊
724,ruX2lKZZBxU,24:55,1495,Day Trading Energy Stocks (Multiple 500% Squeezes)
725,Px1NjJkFLiA,13:36,816,Day Trading Watch List for MONDAY (4 Stocks On Watch)
726,n8aZGjWAgdE,56:20,3380,I Kept Losing Money...Until I Did THIS
727,fm0EADIbzTw,15:35,935,Huge Move in Energy Stocks!
728,UijcGZiRcIU,10:34,634,ZERO LOSING TRADES TODAY!
729,8XEslo5Zz-8,SHORT (0:26),26,WHY THE MICRO PULLBACK WORKS 👀📊
730,NzAUaE17LQM,11:28,688,We Just Got A 100% Squeeze on a Biotech Stock!
731,qWiIEIsDmXA,10:53,653,Penny Stocks Squeezing Up 300%+
732,T6xBvHA1fX8,SHORT (0:29),29,WHEN TO TRADE? ⏰📊
733,WDpEwP5VWls,11:11,671,Red Day Recap
734,_iqjmq9gZY8,11:27,687,Day Trading Watch List for MONDAY!
735,WLsdtF78x3A,25:08,1508,My 3 Steps for Winning at Day Trading
736,7yZFlDGteNk,11:37,697,Finishing the week with a 229% Short Squeeze!
737,hrHJ9t7suII,13:03,783,"Trading the Circle Internet Group IPO for +$38,337.90"
738,P2daMgjYKQw,11:30,690,RED DAY RECAP
739,0wX5NEMNIjA,SHORT (0:38),38,HOW TO FIND STOCKS! 👀📊
740,v9MVwtipaus,16:08,968,The problem with TOO MANY stocks…
741,3i_mqkeRw90,12:56,776,Trading ALL 6 of the Top Leading Percentage Gainers
742,ioKblL9X3Z4,20:56,1256,This is why I show up EVERY SINGLE DAY
743,u60fSo3V3S4,10:46,646,Day Trading Watch List for Monday!
744,_9za7jNDPQc,57:15,3435,Don't Use Candlestick Charts Without THIS
745,a8X5dYbH0uc,13:41,821,TODAY We Had A 308% Short Squeeze!!
746,zT_d3AcwnfU,12:45,765,"$SBET Skyrockets +1,281% in 3 days"
747,8OWvSvUhKUk,12:35,755,Trading Multiple 100% Short Squeezes
748,Oht-7N6Dcxc,SHORT (0:49),49,PROFIT = CONVICTION 👀📊
749,-_Y0pKMsU-Q,17:05,1025,+416% Penny Stock Short Squeeze
750,QHZYG5y6vWY,44:00,2640,"Making +$78,192.05 in 2 min and 27 seconds"
751,y-sFO1ouTX4,1:06:03,3963,"How I Made $175,767.72 in 3 Hours of Day Trading (Full Training)"
752,R2KjQPHE4Mw,SHORT (0:36),36,Technical Indicators?? 👀📊
753,UCrVAPmNNfw,31:21,1881,TUESDAY Day Trading Watch List & Game Plan (P.S. Don't Forget the Memorial Day S…
754,03A7YywM4e0,SHORT (0:24),24,Think You Know Day Trading? 🤔📊
755,p2uUTz_StZQ,15:19,919,My 40th Consecutive Green Day 🍏
756,AC3UpCre440,SHORT (0:34),34,Day Trading Quiz - Can You Pass? 🤔📊
757,vnmiTC4PotU,10:21,621,Did You Find The Obvious Stock?
758,OnPTodRZl7o,14:47,887,Trading Multi-Day Continuation Setups
759,PPQoVB1ezmA,23:08,1388,Which Stock Will Make The Big Move Today?
760,Z5pE9d-INZs,25:21,1521,This Stock Went Up +325% TODAY
761,c2BktcTMxSk,29:24,1764,Monday Day Trading Watch List & Memorial Day Sales Begin TOMORROW!
762,SmSOboqGPgs,54:03,3243,These Candlestick Tricks Will Change How You Trade
763,N3iqOuF8wQU,44:03,2643,How I Find Stocks as a Retail Trader
764,qvpL7q_rhPE,13:31,811,The Penny Stock Hot Cycle!
765,ILiinTn9uVc,8:53,533,I'm BACK!
766,ze3wLotqzW8,SHORT (0:36),36,Can You Pass This Day Trading Quiz? 🤔📊
767,R-9k2woq1mc,29:53,1793,Huge Squeezes on China Trade Deal & Pharma News
768,uAjxK4XFPcs,SHORT (0:29),29,Managing RISK 👀📊
769,F5i5x2N6yXg,15:46,946,Somebody Had The News Early...
770,dayvEJKGBq0,16:08,968,"Can't WAIT for Monday after +$235,194.99 in the last 7 Days of Trading"
771,83browbULao,SHORT (0:57),57,Technical Analysis.. Can You Predict This? 🤔📊
772,8SpxSwgmOQc,49:15,2955,STOP Selling Your Winners Too Soon!
773,nPvzW_C4PIc,SHORT (0:27),27,GREEN DAY GREEN WEEK 🙌📊
774,t2QJH0SuDgc,13:26,806,Big Green Friday with Multiple 100%+ Squeezes
775,3Hhy16ocdJU,17:27,1047,The Pops & Drops Were INTENSE Today!
776,ZTwd9X0isxs,SHORT (0:53),53,"$26,000 in 15min.. 😳"
777,ymaEx-mxmzI,15:51,951,A +224% Breaking News Spike in 15 minutes
778,JTCN6LzpaWk,16:05,965,After Two Big Days in a ROW I can't WAIT for Tomorrow!
779,_MF6UNfHGY8,SHORT (0:57),57,Can You Pass This Day Trading Quiz? 🤔📊
780,LNDd7rf-9FU,1:14:05,4445,How to Read Technical Indicators on Candlestick Charts
781,DAnpW98ZCSg,15:30,930,I'm looking for this setup tomorrow!
782,VtbOrJ1HZNA,22:35,1355,Day Trading Watch List & Game Plan for Monday May 5th
783,BtIsL-iQEyA,SHORT (0:58),58,Top 3 Reasons Traders Fail 📉👀
784,Dkytbz_dxCQ,SHORT (0:53),53,Trading While Working 👀🧐
785,6B5BCDcD4r8,57:04,3424,Making His First $1mil as a Day Trader
786,_Lq4Pk7ZHy4,15:12,912,There Was ONLY ONE Obvious Trade Today!
787,PKHx-3uBr88,SHORT (1:02),62,Three Steps to Growing My Trading Account
788,yML8iDXE8wE,51:34,3094,Analyzing April Trading Reports from Students & Myself
789,FGKM-60Dki0,SHORT (0:52),52,Hotkey = Green 👀✅
790,soXdxocQSq4,12:38,758,We Just Had A 300%+ Short Squeeze!!
791,EW4nnpVS77E,12:15,735,I Only Traded 3 Stocks Today!
792,OfWWNM6dSHk,8:51,531,This is DISCIPLINE. A Quality or No Trades
793,7ByGVtAKiVQ,35:19,2119,Beware of the POP & DROP...My RECAP & Plan for Tomorrow
794,W-gkb2IoGq4,38:07,2287,Ranking the Best Brokers for International Traders
795,aYWnaq4Q38s,13:46,826,Day Trading WATCH LIST FOR MONDAY April 28
796,myUKta-wicQ,1:11:11,4271,How to Read Candlestick Shapes & Charts (with ZERO experience)
797,NaWaGcDfDJA,32:39,1959,I Should've Walked Away Sooner…
798,rKgcvpD8DfQ,19:09,1149,Breaking News on TWO Biotech Stocks
799,FyGdWIgEb-I,SHORT (0:46),46,BREAKING NEWS = 100% SQUEEZE! 📈🙌
800,dobNCfMuCeo,12:35,755,"$26,553.22 on a 100% Squeeze on Breaking News"
